state,year,Owner occupied,Renter occupied,Total,renter_ratio,owner_ratio
Alabama,2005,3219052.0,1223506.0,4442558.0,0.2754057459688765,0.7245942540311235
Alabama,2006,3313673.0,1170202.0,4483875.0,0.2609800674639681,0.7390199325360319
Alabama,2007,3273999.0,1234692.0,4508691.0,0.2738471099483198,0.7261528900516802
Alabama,2008,3294548.0,1247108.0,4541656.0,0.27459323207217806,0.7254067679278219
Alabama,2009,3275977.0,1309992.0,4585969.0,0.28565217078440786,0.7143478292155921
Alabama,2010,3315123.0,1354359.0,4669482.0,0.29004480582642783,0.7099551941735721
Alabama,2011,3317151.0,1369755.0,4686906.0,0.2922514341017294,0.7077485658982706
Alabama,2012,3271939.0,1435230.0,4707169.0,0.30490301070558545,0.6950969892944145
Alabama,2013,3248599.0,1470091.0,4718690.0,0.3115464249611651,0.688453575038835
Alabama,2014,3232526.0,1498381.0,4730907.0,0.3167217195349644,0.6832782804650356
Alabama,2015,3269581.0,1469799.0,4739380.0,0.31012474205486795,0.689875257945132
Alabama,2016,3314743.0,1428898.0,4743641.0,0.30122389109968484,0.6987761089003152
Alabama,2017,3324874.0,1430900.0,4755774.0,0.30087636628653924,0.6991236337134608
Alabama,2018,3321540.0,1448888.0,4770428.0,0.3037228525406945,0.6962771474593056
Alabama,2019,3392203.0,1394357.0,4786560.0,0.29130670042786466,0.7086932995721353
Alaska,2005,430856.0,210868.0,641724.0,0.32859609427105735,0.6714039057289427
Alaska,2006,435061.0,211892.0,646953.0,0.32752301944654405,0.672476980553456
Alaska,2007,441975.0,219192.0,661167.0,0.3315228981482742,0.6684771018517258
Alaska,2008,453332.0,211545.0,664877.0,0.31817163174542057,0.6818283682545794
Alaska,2009,459506.0,217530.0,677036.0,0.3212975380925091,0.6787024619074908
Alaska,2010,457670.0,229963.0,687633.0,0.3344269399519802,0.6655730600480197
Alaska,2011,452322.0,244043.0,696365.0,0.3504527079907807,0.6495472920092193
Alaska,2012,463551.0,241247.0,704798.0,0.3422924015107875,0.6577075984892126
Alaska,2013,463578.0,244955.0,708533.0,0.3457213707759554,0.6542786292240446
Alaska,2014,464134.0,244287.0,708421.0,0.34483308654034817,0.6551669134596518
Alaska,2015,470431.0,240060.0,710491.0,0.3378790160607242,0.6621209839392758
Alaska,2016,476466.0,237602.0,714068.0,0.33274422043838964,0.6672557795616104
Alaska,2017,471397.0,240853.0,712250.0,0.33815795015795014,0.6618420498420499
Alaska,2018,490057.0,220609.0,710666.0,0.31042571334494684,0.6895742866550532
Alaska,2019,474085.0,230787.0,704872.0,0.32741689271243574,0.6725831072875643
Arizona,2005,4062514.0,1767325.0,5829839.0,0.30315159646775836,0.6968484035322416
Arizona,2006,4182236.0,1874581.0,6056817.0,0.30949936245390935,0.6905006375460906
Arizona,2007,4300611.0,1928774.0,6229385.0,0.3096251074544277,0.6903748925455723
Arizona,2008,4333261.0,2047757.0,6381018.0,0.32091384164721054,0.6790861583527895
Arizona,2009,4326563.0,2150205.0,6476768.0,0.3319873430698768,0.6680126569301231
Arizona,2010,4087108.0,2187245.0,6274353.0,0.3486008836289574,0.6513991163710425
Arizona,2011,4012878.0,2325701.0,6338579.0,0.36691204763717544,0.6330879523628246
Arizona,2012,3983404.0,2420584.0,6403988.0,0.3779807207633743,0.6220192792366257
Arizona,2013,3985536.0,2493464.0,6479000.0,0.3848532180892113,0.6151467819107888
Arizona,2014,3982669.0,2597412.0,6580081.0,0.39473860580135717,0.6052613941986429
Arizona,2015,4121791.0,2551592.0,6673383.0,0.3823535978678281,0.6176464021321719
Arizona,2016,4273170.0,2501022.0,6774192.0,0.3691985701025303,0.6308014298974697
Arizona,2017,4473784.0,2387343.0,6861127.0,0.34795202012730564,0.6520479798726944
Arizona,2018,4589745.0,2422459.0,7012204.0,0.3454632808743157,0.6545367191256843
Arizona,2019,4718504.0,2398320.0,7116824.0,0.33699301823397626,0.6630069817660237
Arkansas,2005,1864794.0,836637.0,2701431.0,0.3097014138062382,0.6902985861937617
Arkansas,2006,1916803.0,815747.0,2732550.0,0.29852957859874474,0.7014704214012553
Arkansas,2007,1907704.0,847036.0,2754740.0,0.30748310185353245,0.6925168981464676
Arkansas,2008,1912047.0,862785.0,2774832.0,0.3109323375252988,0.6890676624747012
Arkansas,2009,1898013.0,908722.0,2806735.0,0.32376480145079606,0.676235198549204
Arkansas,2010,1932068.0,910607.0,2842675.0,0.3203345440474201,0.6796654559525799
Arkansas,2011,1939059.0,919987.0,2859046.0,0.3217811116015622,0.6782188883984378
Arkansas,2012,1917269.0,950567.0,2867836.0,0.33145793553048364,0.6685420644695164
Arkansas,2013,1910657.0,967546.0,2878203.0,0.3361632240672392,0.6638367759327608
Arkansas,2014,1920573.0,963612.0,2884185.0,0.3341020080195965,0.6658979919804034
Arkansas,2015,1907739.0,986438.0,2894177.0,0.3408354084770904,0.6591645915229096
Arkansas,2016,1913749.0,989424.0,2903173.0,0.3408077989151869,0.659192201084813
Arkansas,2017,1940297.0,979040.0,2919337.0,0.33536381719547964,0.6646361828045203
Arkansas,2018,1974346.0,955252.0,2929598.0,0.3260693105333906,0.6739306894666094
Arkansas,2019,1971692.0,962101.0,2933793.0,0.32793758796206823,0.6720624120379318
California,2005,21315282.0,13963486.0,35278768.0,0.39580424123654206,0.604195758763458
California,2006,21482208.0,14112134.0,35594342.0,0.3964712706305963,0.6035287293694037
California,2007,21333282.0,14357527.0,35690809.0,0.4022751907921168,0.5977248092078832
California,2008,21045659.0,14844819.0,35890478.0,0.4136144132713975,0.5863855867286025
California,2009,20826806.0,15291107.0,36117913.0,0.42336629472472564,0.5766337052752744
California,2010,20635289.0,15894258.0,36529547.0,0.4351069012709082,0.5648930987290918
California,2011,20528723.0,16342795.0,36871518.0,0.44323629420410626,0.5567637057958937
California,2012,20314253.0,16911606.0,37225859.0,0.45429726685420474,0.5457027331457952
California,2013,20416004.0,17110343.0,37526347.0,0.4559554651029582,0.5440445348970419
California,2014,20603554.0,17381816.0,37985370.0,0.45759238359399945,0.5424076164060005
California,2015,20810793.0,17513031.0,38323824.0,0.4569750398603229,0.543024960139677
California,2016,20896832.0,17539616.0,38436448.0,0.4563277022892438,0.5436722977107562
California,2017,21606648.0,17112143.0,38718791.0,0.44195964176670705,0.558040358233293
California,2018,21718344.0,17012851.0,38731195.0,0.43925448207833506,0.5607455179216649
California,2019,21766552.0,16919150.0,38685702.0,0.4373489202806763,0.5626510797193237
Colorado,2005,3259979.0,1302265.0,4562244.0,0.285443961348845,0.714556038651155
Colorado,2006,3324032.0,1326351.0,4650383.0,0.28521328243286626,0.7147867175671337
Colorado,2007,3366844.0,1385917.0,4752761.0,0.29160250220871614,0.7083974977912838
Colorado,2008,3347076.0,1483074.0,4830150.0,0.3070451228222726,0.6929548771777274
Colorado,2009,3381187.0,1530987.0,4912174.0,0.31167198067495167,0.6883280193250484
Colorado,2010,3346759.0,1586434.0,4933193.0,0.32158360720936724,0.6784163927906327
Colorado,2011,3303536.0,1697791.0,5001327.0,0.33946810516488923,0.6605318948351108
Colorado,2012,3309511.0,1761647.0,5071158.0,0.3473855478373973,0.6526144521626027
Colorado,2013,3380652.0,1770315.0,5150967.0,0.34368595255997564,0.6563140474400244
Colorado,2014,3433755.0,1804631.0,5238386.0,0.3445013406801255,0.6554986593198745
Colorado,2015,3502826.0,1838002.0,5340828.0,0.3441417697780194,0.6558582302219805
Colorado,2016,3602782.0,1819638.0,5422420.0,0.3355767351108914,0.6644232648891085
Colorado,2017,3688160.0,1799705.0,5487865.0,0.32794265165050523,0.6720573483494947
Colorado,2018,3782924.0,1791492.0,5574416.0,0.32137752187852503,0.6786224781214749
Colorado,2019,3868591.0,1771004.0,5639595.0,0.314030351470274,0.685969648529726
Connecticut,2005,2506450.0,888301.0,3394751.0,0.2616689707139051,0.738331029286095
Connecticut,2006,2497376.0,894354.0,3391730.0,0.2636866731726877,0.7363133268273123
Connecticut,2007,2505282.0,880181.0,3385463.0,0.2599883679130447,0.7400116320869553
Connecticut,2008,2462389.0,925845.0,3388234.0,0.27325296895078677,0.7267470310492132
Connecticut,2009,2469559.0,934192.0,3403751.0,0.274459559468363,0.725540440531637
Connecticut,2010,2468539.0,990382.0,3458921.0,0.28632686320387196,0.7136731367961281
Connecticut,2011,2444330.0,1018223.0,3462553.0,0.294067123304683,0.705932876695317
Connecticut,2012,2434104.0,1039626.0,3473730.0,0.2992823276420447,0.7007176723579552
Connecticut,2013,2408151.0,1069800.0,3477951.0,0.3075949028609086,0.6924050971390914
Connecticut,2014,2407092.0,1071359.0,3478451.0,0.3079988765114127,0.6920011234885873
Connecticut,2015,2403154.0,1070800.0,3473954.0,0.3082366663461865,0.6917633336538135
Connecticut,2016,2358035.0,1103461.0,3461496.0,0.3187815326090222,0.6812184673909778
Connecticut,2017,2415808.0,1057838.0,3473646.0,0.304532471069303,0.6954675289306971
Connecticut,2018,2378173.0,1081248.0,3459421.0,0.3125517246961269,0.6874482753038731
Connecticut,2019,2374957.0,1079463.0,3454420.0,0.31248747980847724,0.6875125201915228
Delaware,2005,602766.0,215821.0,818587.0,0.26365065655819114,0.7363493434418089
Delaware,2006,630222.0,198339.0,828561.0,0.23937766802927002,0.7606223319707299
Delaware,2007,621625.0,218245.0,839870.0,0.25985569195232594,0.7401443080476741
Delaware,2008,639223.0,209762.0,848985.0,0.24707385878431304,0.752926141215687
Delaware,2009,640369.0,220765.0,861134.0,0.25636544370562536,0.7436345562943746
Delaware,2010,646435.0,228921.0,875356.0,0.2615175996965806,0.7384824003034194
Delaware,2011,637565.0,245157.0,882722.0,0.27772843545306447,0.7222715645469355
Delaware,2012,637061.0,254911.0,891972.0,0.28578363446386207,0.7142163655361379
Delaware,2013,654119.0,246426.0,900545.0,0.27364096186198356,0.7263590381380164
Delaware,2014,647718.0,262386.0,910104.0,0.28830331478600246,0.7116966852139975
Delaware,2015,655923.0,264428.0,920351.0,0.2873121233094765,0.7126878766905235
Delaware,2016,657105.0,269901.0,927006.0,0.2911534553174413,0.7088465446825587
Delaware,2017,673329.0,263576.0,936905.0,0.2813262817468153,0.7186737182531847
Delaware,2018,675281.0,266930.0,942211.0,0.28330172328703446,0.7166982767129656
Delaware,2019,680691.0,268178.0,948869.0,0.2826291089707852,0.7173708910292148
District of Columbia,2005,232101.0,283017.0,515118.0,0.5494216859049771,0.4505783140950229
District of Columbia,2006,259951.0,286354.0,546305.0,0.5241650726242667,0.47583492737573335
District of Columbia,2007,263647.0,289337.0,552984.0,0.5232285201741823,0.47677147982581775
District of Columbia,2008,258986.0,297641.0,556627.0,0.5347225341206948,0.4652774658793052
District of Columbia,2009,265032.0,299267.0,564299.0,0.5303340959314122,0.46966590406858777
District of Columbia,2010,247439.0,316993.0,564432.0,0.5616141536978768,0.4383858463021232
District of Columbia,2011,256792.0,321148.0,577940.0,0.555677059902412,0.444322940097588
District of Columbia,2012,255963.0,336168.0,592131.0,0.5677257228552466,0.4322742771447534
District of Columbia,2013,255514.0,350637.0,606151.0,0.5784647719792593,0.4215352280207407
District of Columbia,2014,266682.0,351918.0,618600.0,0.568894277400582,0.43110572259941804
District of Columbia,2015,272208.0,359811.0,632019.0,0.56930408737712,0.43069591262288
District of Columbia,2016,266396.0,375005.0,641401.0,0.5846654433030195,0.4153345566969805
District of Columbia,2017,297580.0,356457.0,654037.0,0.5450104504791013,0.45498954952089865
District of Columbia,2018,298886.0,363940.0,662826.0,0.54907321076723,0.45092678923276996
District of Columbia,2019,307248.0,359643.0,666891.0,0.539283031259981,0.460716968740019
Florida,2005,12239203.0,5143308.0,17382511.0,0.2958898170695822,0.7041101829304178
Florida,2006,12568088.0,5109583.0,17677671.0,0.2890416390258649,0.7109583609741351
Florida,2007,12654782.0,5180814.0,17835596.0,0.2904760794088406,0.7095239205911594
Florida,2008,12532727.0,5369822.0,17902549.0,0.29994734269404877,0.7000526573059512
Florida,2009,12395336.0,5710471.0,18105807.0,0.31539444775921893,0.6846055522407811
Florida,2010,12516342.0,5905275.0,18421617.0,0.32056225031711383,0.6794377496828862
Florida,2011,12391507.0,6244329.0,18635836.0,0.33507104269430144,0.6649289573056986
Florida,2012,12309488.0,6582950.0,18892438.0,0.3484436471354306,0.6515563528645694
Florida,2013,12259776.0,6867204.0,19126980.0,0.3590323197912059,0.640967680208794
Florida,2014,12327439.0,7134395.0,19461834.0,0.3665838995441026,0.6334161004558975
Florida,2015,12527413.0,7313210.0,19840623.0,0.36859780058317726,0.6314021994168227
Florida,2016,12820967.0,7357755.0,20178722.0,0.3646293853495776,0.6353706146504223
Florida,2017,13302554.0,7253700.0,20556254.0,0.352870712728107,0.647129287271893
Florida,2018,13716762.0,7152202.0,20868964.0,0.3427195523457705,0.6572804476542295
Florida,2019,13961559.0,7086203.0,21047762.0,0.3366725165364375,0.6633274834635625
Georgia,2005,6052888.0,2768254.0,8821142.0,0.31382036475549313,0.6861796352445069
Georgia,2006,6278030.0,2812980.0,9091010.0,0.30942436538954415,0.6905756346104558
Georgia,2007,6482753.0,2799809.0,9282562.0,0.30162028543412905,0.6983797145658709
Georgia,2008,6482394.0,2933094.0,9415488.0,0.31151800097881277,0.6884819990211872
Georgia,2009,6482710.0,3069227.0,9551937.0,0.3213198537636921,0.6786801462363079
Georgia,2010,6289112.0,3170276.0,9459388.0,0.3351459946457424,0.6648540053542575
Georgia,2011,6217066.0,3341693.0,9558759.0,0.34959485849575245,0.6504051415042476
Georgia,2012,6219837.0,3435481.0,9655318.0,0.35581230985867063,0.6441876901413294
Georgia,2013,6173223.0,3558243.0,9731466.0,0.365643059329396,0.634356940670604
Georgia,2014,6203446.0,3632241.0,9835687.0,0.36929204843545754,0.6307079515645425
Georgia,2015,6234795.0,3719701.0,9954496.0,0.37367045001575167,0.6263295499842483
Georgia,2016,6274379.0,3779087.0,10053466.0,0.37589891884052723,0.6241010811594727
Georgia,2017,6522094.0,3648492.0,10170586.0,0.3587297723061385,0.6412702276938615
Georgia,2018,6694204.0,3560709.0,10254913.0,0.34721981551671866,0.6527801844832813
Georgia,2019,6846395.0,3504188.0,10350583.0,0.3385498188845981,0.6614501811154019
Hawaii,2005,779683.0,458475.0,1238158.0,0.3702879600180268,0.6297120399819732
Hawaii,2006,783399.0,464552.0,1247951.0,0.37225179514259776,0.6277482048574022
Hawaii,2007,782016.0,465537.0,1247553.0,0.37316009820825247,0.6268399017917475
Hawaii,2008,766797.0,487202.0,1253999.0,0.38851865113130074,0.6114813488686992
Hawaii,2009,757819.0,502392.0,1260211.0,0.39865705028761056,0.6013429497123894
Hawaii,2010,812002.0,508739.0,1320741.0,0.38519210049510083,0.6148078995048991
Hawaii,2011,804795.0,527117.0,1331912.0,0.39575962976532986,0.6042403702346701
Hawaii,2012,803001.0,545496.0,1348497.0,0.40452147835701524,0.5954785216429848
Hawaii,2013,797344.0,563428.0,1360772.0,0.4140502597055201,0.5859497402944799
Hawaii,2014,819729.0,555616.0,1375345.0,0.4039830006289331,0.5960169993710669
Hawaii,2015,818503.0,569067.0,1387570.0,0.41011768775629337,0.5898823122437066
Hawaii,2016,823885.0,560385.0,1384270.0,0.4048234809683082,0.5951765190316918
Hawaii,2017,855682.0,527421.0,1383103.0,0.3813316867941144,0.6186683132058856
Hawaii,2018,836819.0,539918.0,1376737.0,0.39217221589889717,0.6078277841011028
Hawaii,2019,866928.0,506026.0,1372954.0,0.3685673372887948,0.6314326627112051
Idaho,2005,1029407.0,366227.0,1395634.0,0.26240905566932304,0.737590944330677
Idaho,2006,1047693.0,384971.0,1432664.0,0.26870989987882715,0.7312901001211729
Idaho,2007,1080107.0,385431.0,1465538.0,0.26299625120604175,0.7370037487939582
Idaho,2008,1076560.0,412714.0,1489274.0,0.27712429009033934,0.7228757099096607
Idaho,2009,1091540.0,419769.0,1511309.0,0.2777519355737311,0.7222480644262689
Idaho,2010,1102909.0,439590.0,1542499.0,0.28498559804576856,0.7150144019542314
Idaho,2011,1088095.0,467939.0,1556034.0,0.30072543402007923,0.6992745659799208
Idaho,2012,1080884.0,485321.0,1566205.0,0.30987067465625506,0.6901293253437449
Idaho,2013,1098222.0,484498.0,1582720.0,0.30611731702385764,0.6938826829761423
Idaho,2014,1105285.0,499578.0,1604863.0,0.3112901225836722,0.6887098774163277
Idaho,2015,1136116.0,488440.0,1624556.0,0.30066061126855587,0.6993393887314442
Idaho,2016,1159546.0,493542.0,1653088.0,0.2985576085483652,0.7014423914516348
Idaho,2017,1207855.0,479142.0,1686997.0,0.28402065919500746,0.7159793408049926
Idaho,2018,1253504.0,470543.0,1724047.0,0.27292933429309063,0.7270706657069094
Idaho,2019,1293968.0,462766.0,1756734.0,0.2634240585085733,0.7365759414914267
Illinois,2005,9133217.0,3307134.0,12440351.0,0.26583928379512767,0.7341607162048723
Illinois,2006,9144810.0,3363513.0,12508323.0,0.2689019942961179,0.7310980057038822
Illinois,2007,9185371.0,3344504.0,12529875.0,0.2669223755225012,0.7330776244774988
Illinois,2008,9081865.0,3474358.0,12556223.0,0.276704069368631,0.723295930631369
Illinois,2009,8920595.0,3644714.0,12565309.0,0.29006162920466183,0.7099383707953382
Illinois,2010,8802103.0,3739290.0,12541393.0,0.2981558747102495,0.7018441252897505
Illinois,2011,8754174.0,3813373.0,12567547.0,0.30343017615132056,0.6965698238486795
Illinois,2012,8681013.0,3895269.0,12576282.0,0.3097313657565885,0.6902686342434116
Illinois,2013,8622905.0,3959751.0,12582656.0,0.3146991382423552,0.6853008617576448
Illinois,2014,8543845.0,4036325.0,12580170.0,0.3208482079335971,0.679151792066403
Illinois,2015,8465517.0,4094784.0,12560301.0,0.3260100215751199,0.6739899784248801
Illinois,2016,8539219.0,3961501.0,12500720.0,0.3169018264547962,0.6830981735452037
Illinois,2017,8620205.0,3881043.0,12501248.0,0.31045244442794834,0.6895475555720517
Illinois,2018,8595617.0,3848684.0,12444301.0,0.30927281492146486,0.6907271850785351
Illinois,2019,8657866.0,3717148.0,12375014.0,0.30037525614112437,0.6996247438588756
Indiana,2005,4576650.0,1516722.0,6093372.0,0.24891340952103366,0.7510865904789663
Indiana,2006,4610049.0,1524682.0,6134731.0,0.24853282075448785,0.7514671792455121
Indiana,2007,4609804.0,1549222.0,6159026.0,0.25153685014481186,0.7484631498551881
Indiana,2008,4622025.0,1565991.0,6188016.0,0.2530683501787972,0.7469316498212027
Indiana,2009,4543159.0,1690619.0,6233778.0,0.2712029526877601,0.7287970473122398
Indiana,2010,4566532.0,1737166.0,6303698.0,0.2755788744955739,0.7244211255044262
Indiana,2011,4561710.0,1768285.0,6329995.0,0.2793501416667786,0.7206498583332215
Indiana,2012,4537611.0,1811349.0,6348960.0,0.2852985370832388,0.7147014629167612
Indiana,2013,4518699.0,1863609.0,6382308.0,0.2919960929494471,0.7080039070505528
Indiana,2014,4532275.0,1875498.0,6407773.0,0.2926910800366992,0.7073089199633008
Indiana,2015,4520296.0,1910879.0,6431175.0,0.2971275078037839,0.7028724921962161
Indiana,2016,4546414.0,1899587.0,6446001.0,0.29469232164251913,0.7053076783574809
Indiana,2017,4630959.0,1848595.0,6479554.0,0.28529664233062957,0.7147033576693704
Indiana,2018,4672196.0,1832030.0,6504226.0,0.28166764193003135,0.7183323580699686
Indiana,2019,4743732.0,1798408.0,6542140.0,0.2748959820486874,0.7251040179513125
Iowa,2005,2193160.0,669381.0,2862541.0,0.23384154148359795,0.7661584585164021
Iowa,2006,2216537.0,661477.0,2878014.0,0.22983800634743265,0.7701619936525673
Iowa,2007,2231503.0,651353.0,2882856.0,0.22594017876716702,0.774059821232833
Iowa,2008,2218321.0,678553.0,2896874.0,0.23423628366301055,0.7657637163369895
Iowa,2009,2197040.0,705327.0,2902367.0,0.24301785404809248,0.7569821459519075
Iowa,2010,2224541.0,727230.0,2951771.0,0.2463707381094265,0.7536292618905734
Iowa,2011,2230418.0,733779.0,2964197.0,0.24754731213883557,0.7524526878611644
Iowa,2012,2215843.0,758051.0,2973894.0,0.2549018223245348,0.7450981776754653
Iowa,2013,2202642.0,787674.0,2990316.0,0.2634082819340832,0.7365917180659168
Iowa,2014,2220021.0,787178.0,3007199.0,0.2617645190757246,0.7382354809242754
Iowa,2015,2223133.0,799791.0,3022924.0,0.2645752920020483,0.7354247079979517
Iowa,2016,2225787.0,808390.0,3034177.0,0.26642809565822956,0.7335719043417704
Iowa,2017,2275099.0,770609.0,3045708.0,0.2530147341767497,0.7469852658232503
Iowa,2018,2272887.0,784326.0,3057213.0,0.2565493473958144,0.7434506526041855
Iowa,2019,2251547.0,806914.0,3058461.0,0.26383007663004365,0.7361699233699563
Kansas,2005,1948209.0,714407.0,2662616.0,0.2683101881758391,0.7316898118241609
Kansas,2006,1951750.0,730163.0,2681913.0,0.27225454367833707,0.727745456321663
Kansas,2007,1989956.0,703919.0,2693875.0,0.2613035125980233,0.7386964874019767
Kansas,2008,1982571.0,737411.0,2719982.0,0.27110877939633427,0.7288912206036657
Kansas,2009,1929604.0,807011.0,2736615.0,0.29489387436669023,0.7051061256333098
Kansas,2010,1974259.0,805836.0,2780095.0,0.28985915948915414,0.7101408405108458
Kansas,2011,1972667.0,819476.0,2792143.0,0.293493563904141,0.706506436095859
Kansas,2012,1938992.0,867781.0,2806773.0,0.3091739160951028,0.6908260839048972
Kansas,2013,1933886.0,880967.0,2814853.0,0.31297087272408186,0.6870291272759181
Kansas,2014,1949537.0,875360.0,2824897.0,0.30987324493601004,0.6901267550639899
Kansas,2015,1957572.0,875055.0,2832627.0,0.3089199531036031,0.6910800468963969
Kansas,2016,1929600.0,898647.0,2828247.0,0.31773992865545336,0.6822600713445467
Kansas,2017,1956302.0,876661.0,2832963.0,0.30945021166884285,0.6905497883311572
Kansas,2018,1974917.0,856961.0,2831878.0,0.3026122594264301,0.6973877405735699
Kansas,2019,1987334.0,845434.0,2832768.0,0.29844801974605756,0.7015519802539424
Kentucky,2005,2968903.0,1089730.0,4058633.0,0.26849680668343257,0.7315031933165674
Kentucky,2006,3001845.0,1089452.0,4091297.0,0.2662852391307695,0.7337147608692305
Kentucky,2007,2996545.0,1129910.0,4126455.0,0.27382099162598406,0.7261790083740159
Kentucky,2008,2972518.0,1181699.0,4154217.0,0.2844576968415468,0.7155423031584532
Kentucky,2009,2941252.0,1249352.0,4190604.0,0.29813172516420067,0.7018682748357993
Kentucky,2010,2955387.0,1265009.0,4220396.0,0.29973703889398057,0.7002629611060195
Kentucky,2011,2995477.0,1248000.0,4243477.0,0.29409844804154706,0.7059015519584529
Kentucky,2012,2923784.0,1330764.0,4254548.0,0.31278622311935367,0.6872137768806463
Kentucky,2013,2949043.0,1320113.0,4269156.0,0.3092210732051019,0.690778926794898
Kentucky,2014,2902525.0,1380585.0,4283110.0,0.32233237063722386,0.6776676293627761
Kentucky,2015,2896552.0,1399702.0,4296254.0,0.3257959143011563,0.6742040856988437
Kentucky,2016,2947165.0,1358561.0,4305726.0,0.3155242576977727,0.6844757423022273
Kentucky,2017,2967598.0,1354608.0,4322206.0,0.3134066261534041,0.6865933738465959
Kentucky,2018,2989018.0,1347687.0,4336705.0,0.3107628948706449,0.6892371051293551
Kentucky,2019,2998254.0,1336752.0,4335006.0,0.30836220295888866,0.6916377970411114
Louisiana,2005,3092812.0,1296935.0,4389747.0,0.2954464118319347,0.7045535881680652
Louisiana,2006,2931191.0,1234110.0,4165301.0,0.2962835098831993,0.7037164901168007
Louisiana,2007,2925611.0,1244375.0,4169986.0,0.2984122728469592,0.7015877271530409
Louisiana,2008,3008839.0,1278921.0,4287760.0,0.2982725245815997,0.7017274754184003
Louisiana,2009,3048746.0,1318871.0,4367617.0,0.301965808815196,0.698034191184804
Louisiana,2010,3035841.0,1380960.0,4416801.0,0.3126606790751949,0.6873393209248051
Louisiana,2011,3026892.0,1420512.0,4447404.0,0.31940250986867846,0.6805974901313215
Louisiana,2012,2996952.0,1477312.0,4474264.0,0.33017989103906253,0.6698201089609375
Louisiana,2013,3029896.0,1467217.0,4497113.0,0.3262575345560585,0.6737424654439415
Louisiana,2014,2966911.0,1554205.0,4521116.0,0.3437657870313436,0.6562342129686564
Louisiana,2015,2992010.0,1550330.0,4542340.0,0.3413064631885768,0.6586935368114232
Louisiana,2016,3017000.0,1536054.0,4553054.0,0.3373678414532312,0.6626321585467688
Louisiana,2017,3038076.0,1516668.0,4554744.0,0.33298644226766644,0.6670135577323336
Louisiana,2018,3041478.0,1489001.0,4530479.0,0.3286630398242658,0.6713369601757342
Louisiana,2019,3090064.0,1429873.0,4519937.0,0.31634799334592495,0.683652006654075
Maine,2005,965656.0,318017.0,1283673.0,0.2477398839112453,0.7522601160887546
Maine,2006,979954.0,304136.0,1284090.0,0.2368494420173041,0.7631505579826959
Maine,2007,991593.0,287660.0,1279253.0,0.22486560516176238,0.7751343948382377
Maine,2008,971622.0,306962.0,1278584.0,0.24007965061349118,0.7599203493865089
Maine,2009,975022.0,304911.0,1279933.0,0.2382241882973562,0.7617758117026439
Maine,2010,980504.0,311518.0,1292022.0,0.2411088975265127,0.7588911024734873
Maine,2011,963187.0,329456.0,1292643.0,0.2548700607979156,0.7451299392020844
Maine,2012,961976.0,331685.0,1293661.0,0.2563925170504483,0.7436074829495517
Maine,2013,946298.0,346402.0,1292700.0,0.2679678192929527,0.7320321807070472
Maine,2014,964878.0,329581.0,1294459.0,0.2546090683443817,0.7453909316556183
Maine,2015,965917.0,327614.0,1293531.0,0.2532710851150842,0.7467289148849158
Maine,2016,974221.0,321366.0,1295587.0,0.24804663831915572,0.7519533616808443
Maine,2017,993690.0,305937.0,1299627.0,0.23540369659910113,0.7645963034008989
Maine,2018,982726.0,319842.0,1302568.0,0.24554725741765496,0.7544527425823451
Maine,2019,984971.0,322035.0,1307006.0,0.24639137081237578,0.7536086291876243
Maryland,2005,3953117.0,1508201.0,5461318.0,0.27616062642754,0.72383937357246
Maryland,2006,3978469.0,1495757.0,5474226.0,0.2732362529424251,0.7267637470575748
Maryland,2007,4002239.0,1473350.0,5475589.0,0.2690760756514048,0.7309239243485952
Maryland,2008,3972110.0,1518638.0,5490748.0,0.2765812599667659,0.7234187400332341
Maryland,2009,3971922.0,1583649.0,5555571.0,0.2850560275442434,0.7149439724557566
Maryland,2010,3918121.0,1729486.0,5647607.0,0.3062334188621836,0.6937665811378164
Maryland,2011,3963309.0,1726593.0,5689902.0,0.3034486358464522,0.6965513641535478
Maryland,2012,3942625.0,1800473.0,5743098.0,0.3135020506353888,0.6864979493646112
Maryland,2013,3977420.0,1810435.0,5787855.0,0.31279895574439925,0.6872010442556007
Maryland,2014,3958099.0,1878494.0,5836593.0,0.3218476943655314,0.6781523056344686
Maryland,2015,3968442.0,1897703.0,5866145.0,0.3235008681169661,0.6764991318830339
Maryland,2016,3982324.0,1893588.0,5875912.0,0.32226282490275554,0.6777371750972445
Maryland,2017,4064807.0,1846709.0,5911516.0,0.312391779029271,0.687608220970729
Maryland,2018,4122063.0,1780208.0,5902271.0,0.3016140736336912,0.6983859263663088
Maryland,2019,4084603.0,1820578.0,5905181.0,0.3083018115786798,0.6916981884213202
Massachusetts,2005,4295221.0,1887639.0,6182860.0,0.30530191529486356,0.6946980847051365
Massachusetts,2006,4365066.0,1856244.0,6221310.0,0.29836867154988256,0.7016313284501174
Massachusetts,2007,4373793.0,1860088.0,6233881.0,0.2983836232998352,0.7016163767001647
Massachusetts,2008,4340080.0,1914291.0,6254371.0,0.3060725051328103,0.6939274948671896
Massachusetts,2009,4370842.0,1975196.0,6346038.0,0.3112486877639245,0.6887513122360754
Massachusetts,2010,4219255.0,2099117.0,6318372.0,0.3322243451319422,0.6677756548680578
Massachusetts,2011,4233999.0,2115093.0,6349092.0,0.3331331472279816,0.6668668527720184
Massachusetts,2012,4249346.0,2148868.0,6398214.0,0.3358543493543667,0.6641456506456332
Massachusetts,2013,4222488.0,2223576.0,6446064.0,0.3449509654263439,0.6550490345736562
Massachusetts,2014,4259668.0,2237939.0,6497607.0,0.34442510912094254,0.6555748908790575
Massachusetts,2015,4294617.0,2247722.0,6542339.0,0.3435655046306833,0.6564344953693166
Massachusetts,2016,4338676.0,2220517.0,6559193.0,0.3385350911308754,0.6614649088691246
Massachusetts,2017,4377671.0,2231554.0,6609225.0,0.33764231055834837,0.6623576894416516
Massachusetts,2018,4408830.0,2244923.0,6653753.0,0.33739199516423285,0.6626080048357671
Massachusetts,2019,4418801.0,2227507.0,6646308.0,0.33514952963359507,0.6648504703664049
Michigan,2005,7689063.0,2176520.0,9865583.0,0.22061747389890693,0.779382526101093
Michigan,2006,7706411.0,2133985.0,9840396.0,0.2168596670296602,0.7831403329703398
Michigan,2007,7614852.0,2197882.0,9812734.0,0.22398263317848013,0.7760173668215199
Michigan,2008,7469681.0,2275394.0,9745075.0,0.23349168682642257,0.7665083131735774
Michigan,2009,7330398.0,2382824.0,9713222.0,0.24531756815606603,0.754682431843934
Michigan,2010,7224789.0,2423717.0,9648506.0,0.2512012740625336,0.7487987259374664
Michigan,2011,7117399.0,2529719.0,9647118.0,0.2622253609834564,0.7377746390165436
Michigan,2012,7066317.0,2590415.0,9656732.0,0.26824965215975755,0.7317503478402424
Michigan,2013,7017528.0,2651632.0,9669160.0,0.274236024639162,0.7257639753608379
Michigan,2014,7009596.0,2673561.0,9683157.0,0.27610427053904013,0.7238957294609599
Michigan,2015,7058371.0,2637020.0,9695391.0,0.2719869678283217,0.7280130321716782
Michigan,2016,7053813.0,2644021.0,9697834.0,0.2726403648484806,0.7273596351515194
Michigan,2017,7191838.0,2540617.0,9732455.0,0.2610458512266432,0.7389541487733567
Michigan,2018,7211830.0,2557816.0,9769646.0,0.26181255697494055,0.7381874430250595
Michigan,2019,7274469.0,2488889.0,9763358.0,0.2549214112603471,0.7450785887396529
Minnesota,2005,3993582.0,996266.0,4989848.0,0.1996585867946278,0.8003414132053722
Minnesota,2006,4043031.0,982367.0,5025398.0,0.19548043756932287,0.8045195624306771
Minnesota,2007,4013713.0,1041051.0,5054764.0,0.20595442240231196,0.794045577597688
Minnesota,2008,4014704.0,1062099.0,5076803.0,0.20920626622699365,0.7907937337730063
Minnesota,2009,3962444.0,1160114.0,5122558.0,0.22647161828133522,0.7735283817186648
Minnesota,2010,3953613.0,1221576.0,5175189.0,0.23604471256991774,0.7639552874300822
Minnesota,2011,3953068.0,1256399.0,5209467.0,0.24117611264261776,0.7588238873573823
Minnesota,2012,3908599.0,1333995.0,5242594.0,0.2544532344102938,0.7455467655897061
Minnesota,2013,3949732.0,1335148.0,5284880.0,0.25263544299965185,0.7473645570003482
Minnesota,2014,3974044.0,1348254.0,5322298.0,0.2533217794268566,0.7466782205731434
Minnesota,2015,3963461.0,1392162.0,5355623.0,0.25994398784231076,0.7400560121576892
Minnesota,2016,4018532.0,1368877.0,5387409.0,0.25408818970306507,0.745911810296935
Minnesota,2017,4083728.0,1360843.0,5444571.0,0.24994494515729523,0.7500550548427047
Minnesota,2018,4113267.0,1366634.0,5479901.0,0.24939027183155316,0.7506097281684468
Minnesota,2019,4187109.0,1321956.0,5509065.0,0.23996013842639358,0.7600398615736064
Mississippi,2005,2011309.0,812847.0,2824156.0,0.28781944056914704,0.712180559430853
Mississippi,2006,2026742.0,789551.0,2816293.0,0.2803511566445679,0.7196488433554321
Mississippi,2007,2030279.0,793189.0,2823468.0,0.2809272143335784,0.7190727856664216
Mississippi,2008,2014287.0,824479.0,2838766.0,0.29043570340070296,0.709564296599297
Mississippi,2009,2005005.0,846863.0,2851868.0,0.29695027960620896,0.703049720393791
Mississippi,2010,2013606.0,864466.0,2878072.0,0.300362881818106,0.699637118181894
Mississippi,2011,2012547.0,874002.0,2886549.0,0.3027843975626258,0.6972156024373741
Mississippi,2012,1969847.0,922471.0,2892318.0,0.3189383048475306,0.6810616951524694
Mississippi,2013,1937247.0,959500.0,2896747.0,0.3312336217142885,0.6687663782857115
Mississippi,2014,1968762.0,928983.0,2897745.0,0.320588250518938,0.679411749481062
Mississippi,2015,1943136.0,955218.0,2898354.0,0.32957257809087503,0.670427421909125
Mississippi,2016,1958013.0,937653.0,2895666.0,0.32381255296708944,0.6761874470329106
Mississippi,2017,1985532.0,905624.0,2891156.0,0.31323941011830564,0.6867605898816944
Mississippi,2018,1984280.0,904190.0,2888470.0,0.3130342361180833,0.6869657638819168
Mississippi,2019,1977353.0,905414.0,2882767.0,0.3140781062083755,0.6859218937916245
Missouri,2005,4155318.0,1476592.0,5631910.0,0.2621831669895293,0.7378168330104707
Missouri,2006,4199978.0,1475659.0,5675637.0,0.2599988336110995,0.7400011663889005
Missouri,2007,4240153.0,1470672.0,5710825.0,0.25752356270766485,0.7424764372923351
Missouri,2008,4191982.0,1550751.0,5742733.0,0.2700371060259984,0.7299628939740016
Missouri,2009,4181769.0,1637042.0,5818811.0,0.281336169880754,0.7186638301192461
Missouri,2010,4149521.0,1672568.0,5822089.0,0.28727970321305635,0.7127202967869437
Missouri,2011,4114073.0,1722581.0,5836654.0,0.29513159423190066,0.7048684057680993
Missouri,2012,4092513.0,1755265.0,5847778.0,0.3001593083731975,0.6998406916268025
Missouri,2013,4080287.0,1789346.0,5869633.0,0.3048480203106395,0.6951519796893605
Missouri,2014,4071687.0,1817030.0,5888717.0,0.3085612706468998,0.6914387293531001
Missouri,2015,4042187.0,1866547.0,5908734.0,0.3158962647497755,0.6841037352502245
Missouri,2016,4057499.0,1860104.0,5917603.0,0.31433403018080125,0.6856659698191988
Missouri,2017,4137785.0,1800880.0,5938665.0,0.3032466050871703,0.6967533949128297
Missouri,2018,4154688.0,1797323.0,5952011.0,0.30196903197927555,0.6980309680207244
Missouri,2019,4200157.0,1762793.0,5962950.0,0.2956243134690044,0.7043756865309956
Montana,2005,651734.0,258917.0,910651.0,0.28432077711439396,0.715679222885606
Montana,2006,664527.0,255003.0,919530.0,0.27731884767218035,0.7226811523278196
Montana,2007,665949.0,265361.0,931310.0,0.2849330512933395,0.7150669487066605
Montana,2008,664570.0,276274.0,940844.0,0.2936448550450447,0.7063551449549553
Montana,2009,675101.0,273301.0,948402.0,0.28816999542388144,0.7118300045761186
Montana,2010,689657.0,272392.0,962049.0,0.283137345395089,0.7168626546049109
Montana,2011,682470.0,286880.0,969350.0,0.295950894929592,0.704049105070408
Montana,2012,669224.0,307062.0,976286.0,0.31452054008763825,0.6854794599123617
Montana,2013,672880.0,313488.0,986368.0,0.31782052945756556,0.6821794705424344
Montana,2014,660233.0,334459.0,994692.0,0.33624378199482857,0.6637562180051715
Montana,2015,691993.0,312089.0,1004082.0,0.3108202318137363,0.6891797681862637
Montana,2016,714390.0,299258.0,1013648.0,0.2952287184505864,0.7047712815494136
Montana,2017,739261.0,282429.0,1021690.0,0.27643316465855594,0.7235668353414441
Montana,2018,725647.0,307693.0,1033340.0,0.2977654982871078,0.7022345017128921
Montana,2019,751163.0,288672.0,1039835.0,0.27761327518308193,0.722386724816918
Nebraska,2005,1236942.0,470034.0,1706976.0,0.2753606377594061,0.7246393622405939
Nebraska,2006,1236037.0,480207.0,1716244.0,0.27980112384952255,0.7201988761504774
Nebraska,2007,1245290.0,476470.0,1721760.0,0.27673427190781524,0.7232657280921847
Nebraska,2008,1264837.0,465602.0,1730439.0,0.26906582664861345,0.7309341733513866
Nebraska,2009,1242247.0,500601.0,1742848.0,0.28723158875587546,0.7127684112441246
Nebraska,2010,1260515.0,518749.0,1779264.0,0.29155257454767813,0.7084474254523219
Nebraska,2011,1255793.0,535683.0,1791476.0,0.29901768150954855,0.7009823184904515
Nebraska,2012,1245629.0,558682.0,1804311.0,0.309637307537337,0.690362692462663
Nebraska,2013,1263751.0,553329.0,1817080.0,0.3045154863847492,0.6954845136152509
Nebraska,2014,1263998.0,565404.0,1829402.0,0.3090649294140927,0.6909350705859073
Nebraska,2015,1275807.0,568006.0,1843813.0,0.3080605245759738,0.6919394754240262
Nebraska,2016,1269881.0,584881.0,1854762.0,0.3153401891994768,0.6846598108005232
Nebraska,2017,1299109.0,568952.0,1868061.0,0.3045682127082574,0.6954317872917426
Nebraska,2018,1314109.0,564044.0,1878153.0,0.30031845115919736,0.6996815488408027
Nebraska,2019,1329705.0,553691.0,1883396.0,0.2939854390685761,0.7060145609314239
Nevada,2005,1493809.0,887472.0,2381281.0,0.37268680176762004,0.62731319823238
Nevada,2006,1561701.0,900394.0,2462095.0,0.36570237947764,0.63429762052236
Nevada,2007,1561516.0,970474.0,2531990.0,0.38328508406431305,0.616714915935687
Nevada,2008,1538563.0,1028240.0,2566803.0,0.4005917088300115,0.5994082911699885
Nevada,2009,1569681.0,1040079.0,2609760.0,0.3985343479860217,0.6014656520139783
Nevada,2010,1529941.0,1138547.0,2668488.0,0.42666371368355416,0.5733362863164458
Nevada,2011,1510276.0,1176892.0,2687168.0,0.4379674065782266,0.5620325934217734
Nevada,2012,1475783.0,1246865.0,2722648.0,0.4579604120694265,0.5420395879305735
Nevada,2013,1487765.0,1266056.0,2753821.0,0.4597452049352518,0.5402547950647483
Nevada,2014,1510002.0,1292539.0,2802541.0,0.4612025301324762,0.5387974698675237
Nevada,2015,1545410.0,1308699.0,2854109.0,0.4585315417175728,0.5414684582824272
Nevada,2016,1606078.0,1296060.0,2902138.0,0.44658799822751366,0.5534120017724864
Nevada,2017,1702489.0,1257310.0,2959799.0,0.42479573781868296,0.575204262181317
Nevada,2018,1764464.0,1232313.0,2996777.0,0.4112127795962129,0.5887872204037872
Nevada,2019,1779866.0,1262627.0,3042493.0,0.4149975036918737,0.5850024963081263
New Hampshire,2005,983249.0,289237.0,1272486.0,0.22730073258173372,0.7726992674182663
New Hampshire,2006,978300.0,299248.0,1277548.0,0.2342362087373625,0.7657637912626375
New Hampshire,2007,996019.0,280108.0,1276127.0,0.2194985295350698,0.7805014704649302
New Hampshire,2008,980816.0,296342.0,1277158.0,0.2320323718756802,0.7679676281243197
New Hampshire,2009,986410.0,298796.0,1285206.0,0.23248879946094245,0.7675112005390575
New Hampshire,2010,952789.0,323866.0,1276655.0,0.25368325820209847,0.7463167417979015
New Hampshire,2011,961551.0,316539.0,1278090.0,0.24766565734807408,0.7523343426519259
New Hampshire,2012,945219.0,335395.0,1280614.0,0.2619017127721546,0.7380982872278454
New Hampshire,2013,938290.0,344298.0,1282588.0,0.2684400602531756,0.7315599397468244
New Hampshire,2014,945879.0,340411.0,1286290.0,0.2646456086885539,0.7353543913114461
New Hampshire,2015,958581.0,330265.0,1288846.0,0.2562486131004014,0.7437513868995985
New Hampshire,2016,952421.0,339978.0,1292399.0,0.2630596278703404,0.7369403721296597
New Hampshire,2017,961569.0,338743.0,1300312.0,0.260509016297627,0.739490983702373
New Hampshire,2018,991875.0,322041.0,1313916.0,0.2451001433881618,0.7548998566118382
New Hampshire,2019,997222.0,321416.0,1318638.0,0.24374847380403114,0.7562515261959689
New Jersey,2005,6032035.0,2489392.0,8521427.0,0.2921332307370585,0.7078667692629416
New Jersey,2006,6033858.0,2492990.0,8526848.0,0.2923694664194788,0.7076305335805212
New Jersey,2007,6007544.0,2482115.0,8489659.0,0.2923692223680598,0.7076307776319403
New Jersey,2008,5994264.0,2492058.0,8486322.0,0.29365583818290186,0.7063441618170981
New Jersey,2009,5889771.0,2623364.0,8513135.0,0.30815486891726723,0.6918451310827327
New Jersey,2010,5960550.0,2654198.0,8614748.0,0.3080993199104605,0.6919006800895394
New Jersey,2011,5830604.0,2804314.0,8634918.0,0.3247644042479616,0.6752355957520384
New Jersey,2012,5866915.0,2810799.0,8677714.0,0.3239100758563834,0.6760899241436166
New Jersey,2013,5801897.0,2910820.0,8712717.0,0.3340886660269122,0.6659113339730879
New Jersey,2014,5748713.0,3003935.0,8752648.0,0.34320299411103933,0.6567970058889607
New Jersey,2015,5749063.0,3022937.0,8772000.0,0.34461206110351117,0.6553879388964888
New Jersey,2016,5720059.0,3038503.0,8758562.0,0.3469180214743014,0.6530819785256986
New Jersey,2017,5825893.0,2996678.0,8822571.0,0.3396604005793776,0.6603395994206224
New Jersey,2018,5842207.0,2884200.0,8726407.0,0.3305140363038304,0.6694859636961695
New Jersey,2019,5771159.0,2930544.0,8701703.0,0.3367782145632872,0.6632217854367128
New Mexico,2005,1343387.0,543813.0,1887200.0,0.2881586477320899,0.7118413522679101
New Mexico,2006,1386234.0,527613.0,1913847.0,0.2756819118769682,0.7243180881230318
New Mexico,2007,1390810.0,536536.0,1927346.0,0.27838073703424293,0.7216192629657571
New Mexico,2008,1376457.0,565562.0,1942019.0,0.2912237212921192,0.7087762787078808
New Mexico,2009,1392285.0,575165.0,1967450.0,0.29234033901751,0.70765966098249
New Mexico,2010,1401840.0,621463.0,2023303.0,0.307152710197138,0.6928472898028619
New Mexico,2011,1426098.0,613494.0,2039592.0,0.30079251144346514,0.6992074885565348
New Mexico,2012,1405348.0,637535.0,2042883.0,0.3120761198756855,0.6879238801243145
New Mexico,2013,1407582.0,634582.0,2042164.0,0.3107399797469743,0.6892600202530257
New Mexico,2014,1381334.0,661088.0,2042422.0,0.32367845626418046,0.6763215437358195
New Mexico,2015,1398320.0,643707.0,2042027.0,0.31522942644734864,0.6847705735526514
New Mexico,2016,1391030.0,646858.0,2037888.0,0.31741587368883867,0.6825841263111614
New Mexico,2017,1420845.0,624260.0,2045105.0,0.305245940917459,0.694754059082541
New Mexico,2018,1392519.0,659986.0,2052505.0,0.32155147003295975,0.6784485299670403
New Mexico,2019,1426098.0,627824.0,2053922.0,0.30567080931018803,0.694329190689812
New York,2005,11086004.0,7569271.0,18655275.0,0.4057442734025631,0.594255726597437
New York,2006,11086492.0,7616416.0,18702908.0,0.4072316454745968,0.5927683545254032
New York,2007,11035936.0,7655673.0,18691609.0,0.40957806254132534,0.5904219374586747
New York,2008,11143885.0,7737652.0,18881537.0,0.4097999013533697,0.5902000986466303
New York,2009,11042218.0,7891586.0,18933804.0,0.41679875845339903,0.583201241546601
New York,2010,10771541.0,8035064.0,18806605.0,0.4272469167082522,0.5727530832917478
New York,2011,10641766.0,8237759.0,18879525.0,0.43633295858873566,0.5636670414112643
New York,2012,10712764.0,8273545.0,18986309.0,0.43576373901846854,0.5642362609815315
New York,2013,10774490.0,8292826.0,19067316.0,0.434923614839131,0.565076385160869
New York,2014,10701486.0,8463563.0,19165049.0,0.4416144722614589,0.5583855277385411
New York,2015,10745512.0,8475673.0,19221185.0,0.4409547590328068,0.5590452409671932
New York,2016,10744531.0,8424794.0,19169325.0,0.439493513725705,0.560506486274295
New York,2017,10940127.0,8333121.0,19273248.0,0.43236723773802943,0.5676327622619706
New York,2018,10809040.0,8160221.0,18969261.0,0.43018128117906124,0.5698187188209388
New York,2019,10782814.0,8102134.0,18884948.0,0.4290260158513542,0.5709739841486458
North Carolina,2005,5901219.0,2509822.0,8411041.0,0.29839612005220284,0.7016038799477972
North Carolina,2006,5979323.0,2606610.0,8585933.0,0.30359076876094887,0.6964092312390512
North Carolina,2007,6170475.0,2616138.0,8786613.0,0.2977413481167317,0.7022586518832683
North Carolina,2008,6237467.0,2702818.0,8940285.0,0.3023189976605891,0.6976810023394109
North Carolina,2009,6262997.0,2828454.0,9091451.0,0.31111139464976495,0.6888886053502351
North Carolina,2010,6352670.0,2951642.0,9304312.0,0.3172337729001349,0.6827662270998651
North Carolina,2011,6311937.0,3087199.0,9399136.0,0.328455615494871,0.671544384505129
North Carolina,2012,6297214.0,3199937.0,9497151.0,0.3369365191729604,0.6630634808270396
North Carolina,2013,6244990.0,3349076.0,9594066.0,0.3490778570837432,0.6509221429162568
North Carolina,2014,6338670.0,3351307.0,9689977.0,0.3458529364930381,0.6541470635069618
North Carolina,2015,6349353.0,3440766.0,9790119.0,0.3514529292238429,0.648547070776157
North Carolina,2016,6444693.0,3446133.0,9890826.0,0.3484171089451983,0.6515828910548017
North Carolina,2017,6678942.0,3327706.0,10006648.0,0.3325495210783871,0.6674504789216129
North Carolina,2018,6748314.0,3359872.0,10108186.0,0.33239119264326955,0.6676088073567304
North Carolina,2019,6839329.0,3367864.0,10207193.0,0.3299500656056959,0.670049934394304
North Dakota,2005,442958.0,166687.0,609645.0,0.2734164964856597,0.7265835035143403
North Dakota,2006,443911.0,164435.0,608346.0,0.27029848145627655,0.7297015185437234
North Dakota,2007,441243.0,170543.0,611786.0,0.2787625084588402,0.7212374915411598
North Dakota,2008,443036.0,171238.0,614274.0,0.2787648508645979,0.7212351491354021
North Dakota,2009,446489.0,173191.0,619680.0,0.2794845726826749,0.7205154273173251
North Dakota,2010,465989.0,183454.0,649443.0,0.282478985838634,0.7175210141613659
North Dakota,2011,465342.0,193534.0,658876.0,0.2937335705049205,0.7062664294950795
North Dakota,2012,474487.0,199586.0,674073.0,0.2960895926702301,0.70391040732977
North Dakota,2013,487740.0,208700.0,696440.0,0.2996668772615014,0.7003331227384987
North Dakota,2014,491335.0,221510.0,712845.0,0.3107407641212325,0.6892592358787675
North Dakota,2015,486043.0,244284.0,730327.0,0.3344857851346041,0.6655142148653959
North Dakota,2016,500838.0,231015.0,731853.0,0.315657652561375,0.684342347438625
North Dakota,2017,494496.0,234754.0,729250.0,0.3219115529653754,0.6780884470346246
North Dakota,2018,496111.0,238882.0,734993.0,0.3250126191678016,0.6749873808321984
North Dakota,2019,494996.0,242731.0,737727.0,0.32902550672538755,0.6709744932746124
Ohio,2005,8202134.0,2953472.0,11155606.0,0.26475226894890336,0.7352477310510966
Ohio,2006,8216304.0,2953379.0,11169683.0,0.26441027914579135,0.7355897208542087
Ohio,2007,8185817.0,2975979.0,11161796.0,0.26662187698108797,0.733378123018912
Ohio,2008,8074439.0,3096705.0,11171144.0,0.27720571859068327,0.7227942814093167
Ohio,2009,7973595.0,3252729.0,11226324.0,0.289741236757464,0.710258763242536
Ohio,2010,7915172.0,3314744.0,11229916.0,0.2951708632548988,0.7048291367451012
Ohio,2011,7801083.0,3437563.0,11238646.0,0.3058698530054243,0.6941301469945756
Ohio,2012,7713556.0,3523307.0,11236863.0,0.3135489860470845,0.6864510139529155
Ohio,2013,7706680.0,3551753.0,11258433.0,0.3154748977943911,0.6845251022056089
Ohio,2014,7668868.0,3614265.0,11283133.0,0.320324594241688,0.679675405758312
Ohio,2015,7692311.0,3608967.0,11301278.0,0.3193414939443132,0.6806585060556868
Ohio,2016,7678630.0,3622518.0,11301148.0,0.32054424913291996,0.6794557508670801
Ohio,2017,7767610.0,3573529.0,11341139.0,0.31509436574227684,0.6849056342577231
Ohio,2018,7834401.0,3539447.0,11373848.0,0.31119169167725824,0.6888083083227418
Ohio,2019,7880021.0,3491793.0,11371814.0,0.307056816089324,0.692943183910676
Oklahoma,2005,2404965.0,1028531.0,3433496.0,0.2995579432741439,0.7004420567258561
Oklahoma,2006,2435419.0,1032400.0,3467819.0,0.2977087327798827,0.7022912672201174
Oklahoma,2007,2455070.0,1046150.0,3501220.0,0.29879584830430533,0.7012041516956946
Oklahoma,2008,2426808.0,1100286.0,3527094.0,0.3119525592456566,0.6880474407543434
Oklahoma,2009,2448162.0,1120909.0,3569071.0,0.3140618385008312,0.6859381614991689
Oklahoma,2010,2518125.0,1131560.0,3649685.0,0.3100431955086535,0.6899568044913466
Oklahoma,2011,2505605.0,1175958.0,3681563.0,0.31941813843739736,0.6805818615626026
Oklahoma,2012,2491592.0,1213312.0,3704904.0,0.3274881076540715,0.6725118923459286
Oklahoma,2013,2491322.0,1249443.0,3740765.0,0.3340073487642234,0.6659926512357767
Oklahoma,2014,2489665.0,1278334.0,3767999.0,0.33926070574859496,0.6607392942514051
Oklahoma,2015,2533400.0,1267965.0,3801365.0,0.3335551834669915,0.6664448165330086
Oklahoma,2016,2523377.0,1290316.0,3813693.0,0.3383376690257973,0.6616623309742027
Oklahoma,2017,2552346.0,1269020.0,3821366.0,0.332085437511089,0.667914562488911
Oklahoma,2018,2550554.0,1282426.0,3832980.0,0.3345767522919504,0.6654232477080496
Oklahoma,2019,2589151.0,1257761.0,3846912.0,0.3269534109436348,0.6730465890563652
Oregon,2005,2370323.0,1189786.0,3560109.0,0.33419931805458764,0.6658006819454123
Oregon,2006,2442562.0,1178209.0,3620771.0,0.3254027940457985,0.6745972059542015
Oregon,2007,2469493.0,1196340.0,3665833.0,0.32634874529199775,0.6736512547080022
Oregon,2008,2487321.0,1221119.0,3708440.0,0.3292810453991436,0.6707189546008564
Oregon,2009,2422218.0,1319322.0,3741540.0,0.35261469876040347,0.6473853012395965
Oregon,2010,2420406.0,1331909.0,3752315.0,0.35495660678807617,0.6450433932119238
Oregon,2011,2336361.0,1448853.0,3785214.0,0.38276646974252976,0.6172335302574703
Oregon,2012,2378014.0,1434919.0,3812933.0,0.3763294555660957,0.6236705444339042
Oregon,2013,2375456.0,1466922.0,3842378.0,0.38177451567753096,0.618225484322469
Oregon,2014,2385735.0,1497587.0,3883322.0,0.3856458465200671,0.6143541534799329
Oregon,2015,2470007.0,1472008.0,3942015.0,0.37341511891760937,0.6265848810823906
Oregon,2016,2549431.0,1455256.0,4004687.0,0.3633881998767944,0.6366118001232056
Oregon,2017,2643691.0,1409532.0,4053223.0,0.3477558476303919,0.6522441523696081
Oregon,2018,2650426.0,1451934.0,4102360.0,0.35392652034438715,0.6460734796556129
Oregon,2019,2726797.0,1401729.0,4128526.0,0.3395228708744961,0.6604771291255038
Pennsylvania,2005,9045008.0,2934139.0,11979147.0,0.24493722299258872,0.7550627770074113
Pennsylvania,2006,9093629.0,2891319.0,11984948.0,0.24124585271458834,0.7587541472854117
Pennsylvania,2007,9035643.0,2930993.0,11966636.0,0.24493040483557785,0.7550695951644222
Pennsylvania,2008,8952326.0,3025984.0,11978310.0,0.2526219475034458,0.7473780524965542
Pennsylvania,2009,9013776.0,3120873.0,12134649.0,0.25718691986888126,0.7428130801311188
Pennsylvania,2010,9034536.0,3248981.0,12283517.0,0.26449924724327734,0.7355007527567227
Pennsylvania,2011,8985634.0,3323846.0,12309480.0,0.2700232666205234,0.7299767333794767
Pennsylvania,2012,8889251.0,3446310.0,12335561.0,0.2793800784577207,0.7206199215422793
Pennsylvania,2013,8890369.0,3453071.0,12343440.0,0.2797494863668475,0.7202505136331525
Pennsylvania,2014,8868474.0,3487899.0,12356373.0,0.28227530845823445,0.7177246915417655
Pennsylvania,2015,8866826.0,3505320.0,12372146.0,0.28332352366355845,0.7166764763364416
Pennsylvania,2016,8830238.0,3526565.0,12356803.0,0.28539461218245527,0.7146053878175447
Pennsylvania,2017,8889212.0,3492837.0,12382049.0,0.2820887722217866,0.7179112277782135
Pennsylvania,2018,8910646.0,3474420.0,12385066.0,0.28053302259350094,0.7194669774064991
Pennsylvania,2019,8884883.0,3495361.0,12380244.0,0.2823337730661851,0.7176662269338149
Puerto Rico,2005,2844432.0,1020848.0,3865280.0,0.264107128073516,0.735892871926484
Puerto Rico,2006,2906329.0,974673.0,3881002.0,0.251139525308155,0.748860474691845
Puerto Rico,2007,2913500.0,984703.0,3898203.0,0.25260434102585216,0.7473956589741478
Puerto Rico,2008,2862684.0,1044921.0,3907605.0,0.2674070178536469,0.732592982146353
Puerto Rico,2009,2856975.0,1065145.0,3922120.0,0.2715737917248835,0.7284262082751165
Puerto Rico,2010,2605631.0,1078547.0,3684178.0,0.29275105600218015,0.7072489439978199
Puerto Rico,2011,2588214.0,1080521.0,3668735.0,0.2945214086054185,0.7054785913945815
Puerto Rico,2012,2542750.0,1086377.0,3629127.0,0.299349402762703,0.7006505972372971
Puerto Rico,2013,2511228.0,1064228.0,3575456.0,0.29764818809125326,0.7023518119087467
Puerto Rico,2014,2419927.0,1089063.0,3508990.0,0.31036366589816444,0.6896363341018356
Puerto Rico,2015,2399203.0,1035519.0,3434722.0,0.30148553507387205,0.6985144649261279
Puerto Rico,2016,2340317.0,1031373.0,3371690.0,0.3058920007473997,0.6941079992526004
Puerto Rico,2017,2247889.0,1049928.0,3297817.0,0.31837060698031455,0.6816293930196854
Puerto Rico,2018,2174343.0,985352.0,3159695.0,0.31185035264479644,0.6881496473552036
Puerto Rico,2019,2216778.0,941546.0,3158324.0,0.2981157094712259,0.7018842905287741
Rhode Island,2005,691742.0,340920.0,1032662.0,0.33013706324044073,0.6698629367595593
Rhode Island,2006,694696.0,329826.0,1024522.0,0.32193159346505007,0.6780684065349499
Rhode Island,2007,695588.0,322312.0,1017900.0,0.31664407112682974,0.6833559288731702
Rhode Island,2008,689613.0,322820.0,1012433.0,0.31885566748614474,0.6811443325138552
Rhode Island,2009,684249.0,330687.0,1014936.0,0.32582054434959445,0.6741794556504055
Rhode Island,2010,655366.0,354857.0,1010223.0,0.35126600760426163,0.6487339923957384
Rhode Island,2011,646021.0,362618.0,1008639.0,0.3595121743259977,0.6404878256740023
Rhode Island,2012,641267.0,367615.0,1008882.0,0.36437858936922257,0.6356214106307775
Rhode Island,2013,639894.0,370775.0,1010669.0,0.36686096041335,0.6331390395866501
Rhode Island,2014,634633.0,379006.0,1013639.0,0.37390629208228965,0.6260937079177104
Rhode Island,2015,638854.0,375806.0,1014660.0,0.3703762836812331,0.6296237163187669
Rhode Island,2016,630113.0,383561.0,1013674.0,0.3783869370231455,0.6216130629768545
Rhode Island,2017,659052.0,358663.0,1017715.0,0.35241988179401895,0.647580118205981
Rhode Island,2018,661036.0,355048.0,1016084.0,0.34942780321312017,0.6505721967868798
Rhode Island,2019,674908.0,343552.0,1018460.0,0.3373249808534454,0.6626750191465546
South Carolina,2005,2941694.0,1172267.0,4113961.0,0.284948496108738,0.7150515038912619
South Carolina,2006,2997363.0,1180912.0,4178275.0,0.28263146872812345,0.7173685312718765
South Carolina,2007,3044199.0,1219138.0,4263337.0,0.28595862818257156,0.7140413718174284
South Carolina,2008,3101234.0,1232595.0,4333829.0,0.28441246758928423,0.7155875324107158
South Carolina,2009,3116799.0,1298276.0,4415075.0,0.2940552538745095,0.7059447461254905
South Carolina,2010,3101315.0,1395843.0,4497158.0,0.31038335766722003,0.68961664233278
South Carolina,2011,3150056.0,1390007.0,4540063.0,0.30616469419036696,0.693835305809633
South Carolina,2012,3140224.0,1444497.0,4584721.0,0.31506759080868824,0.6849324091913117
South Carolina,2013,3168639.0,1467091.0,4635730.0,0.3164746436915006,0.6835253563084994
South Carolina,2014,3197405.0,1498332.0,4695737.0,0.3190834580386423,0.6809165419613578
South Carolina,2015,3258790.0,1500824.0,4759614.0,0.31532473011466894,0.684675269885331
South Carolina,2016,3339248.0,1485289.0,4824537.0,0.30786145903741646,0.6921385409625835
South Carolina,2017,3398666.0,1489216.0,4887882.0,0.30467511286074417,0.6953248871392558
South Carolina,2018,3462658.0,1485646.0,4948304.0,0.30023337288897367,0.6997666271110263
South Carolina,2019,3578532.0,1436454.0,5014986.0,0.28643230509516876,0.7135676949048312
South Dakota,2005,535873.0,210160.0,746033.0,0.281703356285848,0.718296643714152
South Dakota,2006,550100.0,202003.0,752103.0,0.2685842231715603,0.7314157768284397
South Dakota,2007,546117.0,219400.0,765517.0,0.28660369397413776,0.7133963060258622
South Dakota,2008,563708.0,209206.0,772914.0,0.27067176943359805,0.729328230566402
South Dakota,2009,552759.0,228371.0,781130.0,0.29235978646320077,0.7076402135367993
South Dakota,2010,561863.0,220550.0,782413.0,0.28188437564304275,0.7181156243569573
South Dakota,2011,561167.0,228864.0,790031.0,0.28968989824449926,0.7103101017555007
South Dakota,2012,556363.0,242976.0,799339.0,0.30397115616778364,0.6960288438322164
South Dakota,2013,565688.0,245175.0,810863.0,0.3023630378991272,0.6976369621008728
South Dakota,2014,585279.0,233915.0,819194.0,0.2855428628627651,0.7144571371372349
South Dakota,2015,588214.0,236236.0,824450.0,0.2865376917945297,0.7134623082054703
South Dakota,2016,587937.0,243507.0,831444.0,0.2928724003059737,0.7071275996940263
South Dakota,2017,594155.0,241527.0,835682.0,0.2890178321418913,0.7109821678581087
South Dakota,2018,597949.0,250243.0,848192.0,0.2950310778691617,0.7049689221308383
South Dakota,2019,609390.0,241251.0,850641.0,0.2836108299505902,0.7163891700494098
Tennessee,2005,4161685.0,1648905.0,5810590.0,0.28377582999316764,0.7162241700068324
Tennessee,2006,4238008.0,1648388.0,5886396.0,0.28003348738345163,0.7199665126165484
Tennessee,2007,4314105.0,1690227.0,6004332.0,0.2815012560931008,0.7184987439068993
Tennessee,2008,4352386.0,1710019.0,6062405.0,0.2820694097474517,0.7179305902525482
Tennessee,2009,4365964.0,1779191.0,6145155.0,0.28952744072362696,0.710472559276373
Tennessee,2010,4291927.0,1911498.0,6203425.0,0.3081359087923204,0.6918640912076797
Tennessee,2011,4287343.0,1962538.0,6249881.0,0.31401205878959937,0.6859879412104006
Tennessee,2012,4287203.0,2015680.0,6302883.0,0.3198028584696876,0.6801971415303124
Tennessee,2013,4275403.0,2066651.0,6342054.0,0.32586461736213534,0.6741353826378647
Tennessee,2014,4290665.0,2104090.0,6394755.0,0.3290337159124939,0.6709662840875061
Tennessee,2015,4297469.0,2149104.0,6446573.0,0.3333715448502639,0.6666284551497361
Tennessee,2016,4307160.0,2191055.0,6498215.0,0.3371779788757374,0.6628220211242626
Tennessee,2017,4382736.0,2178524.0,6561260.0,0.33202829944248513,0.6679717005575149
Tennessee,2018,4491983.0,2121435.0,6613418.0,0.320777395289395,0.679222604710605
Tennessee,2019,4575587.0,2095510.0,6671097.0,0.31411775304721246,0.6858822469527875
Texas,2005,15076037.0,7194128.0,22270165.0,0.3230388279565957,0.6769611720434042
Texas,2006,15631653.0,7281916.0,22913569.0,0.31779929176463084,0.6822007082353692
Texas,2007,15880774.0,7428796.0,23309570.0,0.31870154618896873,0.6812984538110313
Texas,2008,16099154.0,7630618.0,23729772.0,0.3215630558945109,0.678436944105489
Texas,2009,16001090.0,8189440.0,24190530.0,0.3385390894701356,0.6614609105298643
Texas,2010,16296534.0,8379441.0,24675975.0,0.3395789224134001,0.6604210775866
Texas,2011,16393820.0,8699668.0,25093488.0,0.34669026482089693,0.6533097351791031
Texas,2012,16458059.0,9014845.0,25472904.0,0.35389938265381915,0.6461006173461808
Texas,2013,16673206.0,9185143.0,25858349.0,0.3552099555930659,0.6447900444069341
Texas,2014,16808599.0,9552504.0,26361103.0,0.3623711799919753,0.6376288200080247
Texas,2015,17137610.0,9731175.0,26868785.0,0.36217398739838813,0.6378260126016119
Texas,2016,17401500.0,9852892.0,27254392.0,0.36151575129615804,0.6384842487038419
Texas,2017,18023586.0,9674499.0,27698085.0,0.34928403895070725,0.6507159610492927
Texas,2018,18231298.0,9870296.0,28101594.0,0.3512361611942725,0.6487638388057275
Texas,2019,18488975.0,9906213.0,28395188.0,0.3488694281580386,0.6511305718419614
Utah,2005,1807154.0,620196.0,2427350.0,0.25550332667312087,0.7444966733268791
Utah,2006,1881959.0,625458.0,2507417.0,0.24944315205647885,0.7505568479435212
Utah,2007,1938817.0,661975.0,2600792.0,0.2545282360142603,0.7454717639857398
Utah,2008,1993096.0,698959.0,2692055.0,0.259637711710942,0.740362288289058
Utah,2009,2030186.0,709572.0,2739758.0,0.25899075757785905,0.741009242422141
Utah,2010,1977729.0,752588.0,2730317.0,0.2756412533782707,0.7243587466217293
Utah,2011,1999973.0,771096.0,2771069.0,0.2782666184061097,0.7217333815938903
Utah,2012,2021969.0,786910.0,2808879.0,0.2801509071768488,0.7198490928231511
Utah,2013,2022845.0,830796.0,2853641.0,0.291135430139951,0.708864569860049
Utah,2014,2064547.0,833700.0,2898247.0,0.2876566421012426,0.7123433578987575
Utah,2015,2114864.0,834087.0,2948951.0,0.2828419326058656,0.7171580673941343
Utah,2016,2175433.0,830008.0,3005441.0,0.27616845581064475,0.7238315441893552
Utah,2017,2227464.0,826808.0,3054272.0,0.2707054250571003,0.7292945749428996
Utah,2018,2289530.0,823466.0,3112996.0,0.2645252354966084,0.7354747645033916
Utah,2019,2359179.0,798415.0,3157594.0,0.2528554969384918,0.7471445030615083
Vermont,2005,454479.0,147811.0,602290.0,0.2454149994188846,0.7545850005811154
Vermont,2006,461695.0,141453.0,603148.0,0.2345245279765497,0.7654754720234503
Vermont,2007,454899.0,145595.0,600494.0,0.24245870899625974,0.7575412910037402
Vermont,2008,452081.0,147617.0,599698.0,0.2461522299557444,0.7538477700442556
Vermont,2009,449923.0,150301.0,600224.0,0.25040818094578027,0.7495918190542198
Vermont,2010,448956.0,151675.0,600631.0,0.252526093391783,0.747473906608217
Vermont,2011,445488.0,155614.0,601102.0,0.2588811882176403,0.7411188117823597
Vermont,2012,442283.0,158399.0,600682.0,0.2636985959292937,0.7363014040707063
Vermont,2013,443927.0,157370.0,601297.0,0.26171758714911264,0.7382824128508874
Vermont,2014,434627.0,166579.0,601206.0,0.2770747464263497,0.7229252535736503
Vermont,2015,439571.0,161032.0,600603.0,0.26811720887175056,0.7318827911282494
Vermont,2016,441532.0,157822.0,599354.0,0.2633201747214501,0.7366798252785499
Vermont,2017,437812.0,160792.0,598604.0,0.2686116364073745,0.7313883635926255
Vermont,2018,451455.0,149135.0,600590.0,0.2483141577448842,0.7516858422551158
Vermont,2019,449180.0,149108.0,598288.0,0.24922445377477068,0.7507755462252294
Virginia,2005,5291500.0,2041108.0,7332608.0,0.27836044146911987,0.7216395585308801
Virginia,2006,5348123.0,2059419.0,7407542.0,0.2780165134399508,0.7219834865600492
Virginia,2007,5347401.0,2120721.0,7468122.0,0.28396978517490745,0.7160302148250925
Virginia,2008,5310765.0,2208687.0,7519452.0,0.2937297824362733,0.7062702175637268
Virginia,2009,5349008.0,2278821.0,7627829.0,0.2987509289995882,0.7012490710004118
Virginia,2010,5372412.0,2412371.0,7784783.0,0.3098828830553145,0.6901171169446856
Virginia,2011,5384835.0,2471980.0,7856815.0,0.31462876496391984,0.6853712350360801
Virginia,2012,5358902.0,2583429.0,7942331.0,0.3252733989555459,0.674726601044454
Virginia,2013,5350441.0,2668023.0,8018464.0,0.3327349227981818,0.6672650772018182
Virginia,2014,5391791.0,2693581.0,8085372.0,0.3331424948660371,0.6668575051339629
Virginia,2015,5400520.0,2738661.0,8139181.0,0.33647869484656995,0.6635213051534301
Virginia,2016,5464595.0,2705587.0,8170182.0,0.33115382252194625,0.6688461774780537
Virginia,2017,5599418.0,2628308.0,8227726.0,0.3194452513367606,0.6805547486632394
Virginia,2018,5593738.0,2679390.0,8273128.0,0.32386661973560665,0.6761333802643934
Virginia,2019,5674161.0,2616461.0,8290622.0,0.3155928469540645,0.6844071530459355
Washington,2005,4197596.0,1948742.0,6146338.0,0.3170574088180637,0.6829425911819363
Washington,2006,4313650.0,1941541.0,6255191.0,0.3103887635085803,0.6896112364914196
Washington,2007,4381485.0,1947984.0,6329469.0,0.3077642058125255,0.6922357941874745
Washington,2008,4376815.0,2028747.0,6405562.0,0.31671647234075634,0.6832835276592436
Washington,2009,4358126.0,2161536.0,6519662.0,0.33154111363441846,0.6684588863655815
Washington,2010,4329618.0,2275503.0,6605121.0,0.34450587657667436,0.6554941234233256
Washington,2011,4319056.0,2365864.0,6684920.0,0.35391059279692205,0.646089407203078
Washington,2012,4353054.0,2402547.0,6755601.0,0.35563778855500794,0.6443622114449921
Washington,2013,4337867.0,2492276.0,6830143.0,0.36489367792153105,0.635106322078469
Washington,2014,4401396.0,2519167.0,6920563.0,0.36401185857277796,0.635988141427222
Washington,2015,4525688.0,2503669.0,7029357.0,0.356173260228496,0.643826739771504
Washington,2016,4625490.0,2519920.0,7145410.0,0.3526627583301728,0.6473372416698272
Washington,2017,4755185.0,2507568.0,7262753.0,0.34526411678877145,0.6547358832112286
Washington,2018,4842726.0,2549680.0,7392406.0,0.3449052987619998,0.6550947012380002
Washington,2019,4927642.0,2539431.0,7467073.0,0.3400838588292896,0.6599161411707104
West Virginia,2005,1372557.0,399193.0,1771750.0,0.22531000423310285,0.7746899957668971
West Virginia,2006,1366249.0,406689.0,1772938.0,0.22938704004313742,0.7706129599568625
West Virginia,2007,1363443.0,403040.0,1766483.0,0.22815956904198909,0.7718404309580109
West Virginia,2008,1354000.0,414914.0,1768914.0,0.23455860488412664,0.7654413951158734
West Virginia,2009,1336073.0,437940.0,1774013.0,0.24686403087237804,0.7531359691276219
West Virginia,2010,1385291.0,419300.0,1804591.0,0.23235181822363074,0.7676481817763693
West Virginia,2011,1339333.0,466649.0,1805982.0,0.2583907259319307,0.7416092740680693
West Virginia,2012,1342252.0,463720.0,1805972.0,0.25677031537587514,0.7432296846241249
West Virginia,2013,1331823.0,472802.0,1804625.0,0.26199459721548796,0.738005402784512
West Virginia,2014,1330480.0,470356.0,1800836.0,0.26118758176757906,0.7388124182324209
West Virginia,2015,1320446.0,475494.0,1795940.0,0.264760515384701,0.735239484615299
West Virginia,2016,1313624.0,469451.0,1783075.0,0.26328169033832005,0.73671830966168
West Virginia,2017,1314670.0,453755.0,1768425.0,0.25658707607051473,0.7434129239294853
West Virginia,2018,1302855.0,455061.0,1757916.0,0.2588639047599544,0.7411360952400456
West Virginia,2019,1311059.0,434178.0,1745237.0,0.24877881915178282,0.7512211808482172
Wisconsin,2005,4000886.0,1374865.0,5375751.0,0.2557531031478206,0.7442468968521794
Wisconsin,2006,4037200.0,1359421.0,5396621.0,0.251902255133351,0.7480977448666489
Wisconsin,2007,4008441.0,1433366.0,5441807.0,0.26339890407726696,0.736601095922733
Wisconsin,2008,4052364.0,1412472.0,5464836.0,0.25846557883896243,0.7415344211610376
Wisconsin,2009,3979285.0,1509602.0,5488887.0,0.2750287990989794,0.7249712009010205
Wisconsin,2010,4005248.0,1535585.0,5540833.0,0.27713973693125205,0.722860263068748
Wisconsin,2011,3962035.0,1598496.0,5560531.0,0.287471825982087,0.712528174017913
Wisconsin,2012,3937556.0,1640534.0,5578090.0,0.29410317868661134,0.7058968213133886
Wisconsin,2013,3929866.0,1665485.0,5595351.0,0.2976551426353771,0.7023448573646229
Wisconsin,2014,3896164.0,1712415.0,5608579.0,0.30532065252178847,0.6946793474782115
Wisconsin,2015,3927647.0,1695498.0,5623145.0,0.30152130169149116,0.6984786983085088
Wisconsin,2016,3948919.0,1683530.0,5632449.0,0.29889840103301424,0.7011015989669858
Wisconsin,2017,3964583.0,1685001.0,5649584.0,0.29825222529658824,0.7017477747034118
Wisconsin,2018,3998852.0,1669980.0,5668832.0,0.29458978498569016,0.7054102150143098
Wisconsin,2019,4031531.0,1647054.0,5678585.0,0.2900465520900013,0.7099534479099987
Wyoming,2005,367194.0,128032.0,495226.0,0.258532468004507,0.741467531995493
Wyoming,2006,360894.0,139964.0,500858.0,0.27944846643160337,0.7205515335683966
Wyoming,2007,362814.0,145947.0,508761.0,0.28686750753300666,0.7131324924669934
Wyoming,2008,378681.0,139351.0,518032.0,0.26900075671001017,0.7309992432899898
Wyoming,2009,389563.0,140022.0,529585.0,0.26439948261374474,0.7356005173862553
Wyoming,2010,386115.0,164633.0,550748.0,0.29892618765751305,0.7010738123424869
Wyoming,2011,402292.0,152051.0,554343.0,0.2742904663719033,0.7257095336280966
Wyoming,2012,391118.0,171495.0,562613.0,0.30481876529692703,0.695181234703073
Wyoming,2013,400631.0,168010.0,568641.0,0.2954588219984138,0.7045411780015862
Wyoming,2014,390620.0,179276.0,569896.0,0.31457669469517247,0.6854233053048275
Wyoming,2015,394215.0,177749.0,571964.0,0.3107695589232889,0.6892304410767112
Wyoming,2016,405816.0,165395.0,571211.0,0.28955149673238084,0.7104485032676191
Wyoming,2017,409177.0,156005.0,565182.0,0.2760261296361172,0.7239738703638828
Wyoming,2018,411209.0,152321.0,563530.0,0.2702979433215623,0.7297020566784377
Wyoming,2019,418846.0,145673.0,564519.0,0.2580480019273045,0.7419519980726955
