state,year,subsidies,taxes_on_production_and_imports_(topi),gdp_compensation,gdp_current_dollar,gdp_gross_operating_surplus
AK,1997,-62900000.0,2464700000.0,12347800000.0,25810800000.0,11061300000.0
AK,1998,-54700000.0,2003900000.0,12889600000.0,24227500000.0,9388700000.0
AK,1999,-56400000.0,1983100000.0,13127500000.0,24744300000.0,9690100000.0
AK,2000,-57500000.0,2515400000.0,13893000000.0,26806600000.0,10455700000.0
AK,2001,-112300000.0,2385900000.0,14883300000.0,28494100000.0,11337100000.0
AK,2002,-72900000.0,2162300000.0,15703700000.0,29756800000.0,11963700000.0
AK,2003,-103300000.0,2308000000.0,16522000000.0,32037900000.0,13311200000.0
AK,2004,-91900000.0,2503400000.0,17454300000.0,35302400000.0,15436600000.0
AK,2005,-104300000.0,2857100000.0,18584700000.0,40356600000.0,19019100000.0
AK,2006,-101600000.0,3194800000.0,19600300000.0,45094100000.0,22400600000.0
AK,2007,-97700000.0,4888500000.0,20790200000.0,49583700000.0,24002800000.0
AK,2008,-92000000.0,10077900000.0,21813100000.0,55122500000.0,23323400000.0
AK,2009,-116200000.0,4673800000.0,22533600000.0,49957800000.0,22866500000.0
AK,2010,-119100000.0,5840500000.0,23170800000.0,53331600000.0,24439300000.0
AK,2011,-136300000.0,7378000000.0,24458400000.0,56896300000.0,25196200000.0
AK,2012,-130699999.99999999,7856200000.0,25739100000.0,58283600000.0,24819100000.0
AK,2013,-124600000.0,8367500000.0,26362200000.0,57247700000.0,22642500000.0
AK,2014,-134900000.0,5621800000.0,27139900000.0,56484900000.0,23858100000.0
AK,2015,-129199999.99999999,2974400000.0,27826300000.0,51490900000.0,20819400000.0
AK,2016,-130400000.0,3332000000.0,27170600000.0,50727700000.0,20355500000.0
AK,2017,-107500000.0,3773700000.0,27133000000.0,53089300000.0,22290200000.0
AK,2018,-111300000.0,4377300000.0,28299900000.0,54711700000.0,22145800000.0
AK,2019,-112900000.0,4476400000.0,29108000000.0,54547100000.0,21075600000.0
AK,2020,-1677200000.0,4240899999.9999995,28797900000.0,49820000000.0,18458300000.0
AL,1997,-274500000.0,6754800000.0,61083800000.0,104811900000.0,37247900000.0
AL,1998,-292900000.0,6968300000.0,64168600000.0,110212000000.0,39368100000.0
AL,1999,-388400000.0,7329600000.0,67225100000.00001,115680100000.0,41513700000.0
AL,2000,-364700000.0,7868600000.0,69764400000.0,119851700000.0,42583400000.0
AL,2001,-475800000.0,8004300000.0,72038400000.0,122915500000.0,43348600000.0
AL,2002,-504700000.0,8050200000.0,74152300000.0,127505000000.0,45807100000.0
AL,2003,-467700000.0,8434700000.000001,77085000000.0,134152600000.0,49100600000.0
AL,2004,-416400000.0,8995700000.0,81588900000.0,147715200000.0,57547000000.0
AL,2005,-560500000.0,9913500000.0,86356800000.0,158846800000.0,63137000000.0
AL,2006,-503500000.0,10571300000.0,91148000000.0,166469000000.0,65253300000.0
AL,2007,-458700000.0,10850900000.0,95286400000.0,172975200000.0,67296600000.00001
AL,2008,-431200000.0,11143100000.0,97634200000.0,174526300000.0,66180200000.0
AL,2009,-525400000.0,10684700000.0,95327100000.0,170930900000.0,65444500000.0
AL,2010,-464100000.0,11066700000.0,96804000000.0,177249200000.0,69842600000.0
AL,2011,-518400000.0,11637300000.0,98890300000.0,183916600000.0,73907400000.0
AL,2012,-504300000.0,11769200000.0,100372500000.0,189245500000.0,77608100000.0
AL,2013,-479800000.0,12141800000.0,102206900000.0,194786900000.0,80918000000.0
AL,2014,-490400000.0,12298500000.0,106036800000.0,197406900000.0,79562000000.0
AL,2015,-467400000.0,12138500000.0,110031400000.0,202372400000.0,80669900000.0
AL,2016,-548300000.0,12988700000.0,112854100000.0,207368400000.0,82073900000.0
AL,2017,-575000000.0,13465300000.0,116653100000.0,215085900000.0,85542600000.0
AL,2018,-489600000.0,14093500000.0,121648400000.0,224046900000.0,88794700000.0
AL,2019,-617600000.0,14692900000.0,126982800000.0,231171800000.0,90113800000.0
AL,2020,-8358000000.0,14791200000.0,129730700000.0,226896500000.0,90732500000.0
AR,1997,-353600000.0,4168500000.0,32715500000.0,59846300000.0,23316000000.0
AR,1998,-520100000.0,4299000000.0,34880900000.0,62396700000.0,23736900000.0
AR,1999,-833900000.0,5185900000.0,36741000000.0,66811300000.0,25718400000.0
AR,2000,-970700000.0,4908200000.0,38766800000.0,68678500000.0,25974100000.0
AR,2001,-1136700000.0,5120700000.0,40397100000.0,70616700000.0,26235700000.0
AR,2002,-732900000.0,5324700000.0,41662000000.0,74113900000.0,27860200000.0
AR,2003,-1100800000.0,5572700000.0,43485700000.0,78695100000.0,30737500000.0
AR,2004,-553000000.0,6062400000.0,46064200000.0,85199600000.0,33626000000.0
AR,2005,-698300000.0,6873600000.0,48480300000.0,90887700000.0,36232100000.0
AR,2006,-624200000.0,7272400000.0,51110200000.0,95875100000.0,38116800000.0
AR,2007,-604500000.0,7207900000.0,53637600000.0,98381600000.0,38140600000.0
AR,2008,-504100000.0,7242500000.0,54778200000.0,99706800000.0,38190200000.0
AR,2009,-648500000.0,7118400000.0,54260100000.0,97508100000.0,36778100000.0
AR,2010,-557100000.0,7630000000.0,55258100000.0,101486500000.0,39155500000.0
AR,2011,-593300000.0,7877000000.0,56870000000.0,105768100000.0,41614400000.0
AR,2012,-567000000.0,8320000000.0,59196200000.0,108492100000.0,41542900000.0
AR,2013,-572100000.0,8804100000.0,60545900000.0,113227300000.0,44449400000.0
AR,2014,-534799999.99999994,8972300000.0,62563900000.0,116139400000.0,45138100000.0
AR,2015,-552900000.0,8971900000.0,64679800000.0,117786800000.0,44688000000.0
AR,2016,-740200000.0,9303400000.0,66179600000.00001,119152400000.0,44409500000.0
AR,2017,-795200000.0,9705800000.0,68619399999.99999,122350200000.0,44820200000.0
AR,2018,-807200000.0,10101900000.0,70996500000.0,127306500000.0,47015300000.0
AR,2019,-1181600000.0,10180700000.0,73514400000.0,130839900000.0,48326300000.0
AR,2020,-4941800000.0,10509500000.0,75295100000.0,130750700000.0,49888000000.0
AZ,1997,-330800000.0,8958800000.0,69876900000.0,132281000000.0,53776000000.0
AZ,1998,-363100000.0,9478900000.0,77166000000.0,143302600000.0,57020800000.0
AZ,1999,-414700000.0,10425200000.0,82849800000.0,155755800000.0,62895400000.0
AZ,2000,-426100000.0,11550000000.0,91205400000.0,165110700000.0,62781300000.0
AZ,2001,-552900000.0,12090900000.0,95475500000.0,171909600000.0,64896100000.0
AZ,2002,-440800000.0,12817100000.0,98041600000.0,180522300000.0,70104300000.0
AZ,2003,-601600000.0,13685400000.0,102681400000.0,193634900000.0,77869700000.0
AZ,2004,-539800000.0,14635300000.0,111133600000.0,206541100000.0,81311900000.0
AZ,2005,-699500000.0,16025600000.0,121777900000.0,227915900000.0,90811900000.0
AZ,2006,-629200000.0,17292200000.0,134607400000.0,245957000000.0,94686500000.0
AZ,2007,-611100000.0,18971300000.0,142619100000.0,261392000000.0,100412700000.0
AZ,2008,-641700000.0,18359400000.0,143884300000.0,262926000000.0,101324100000.0
AZ,2009,-805400000.0,17841100000.0,135101100000.0,246424300000.0,94287600000.0
AZ,2010,-700200000.0,18163000000.0,134483200000.00002,251153000000.0,99207100000.0
AZ,2011,-756900000.0,19513900000.0,139617800000.0,260915700000.0,102540900000.0
AZ,2012,-703000000.0,19823000000.0,145243200000.0,271440000000.0,107076800000.0
AZ,2013,-732200000.0,20213800000.0,150331800000.0,278591600000.0,108778200000.0
AZ,2014,-741100000.0,20505500000.0,156465400000.0,287666600000.0,111436800000.0
AZ,2015,-698200000.0,20334500000.0,163929000000.0,299393300000.0,115827900000.0
AZ,2016,-713300000.0,21541400000.0,170624300000.0,313081400000.0,121628900000.0
AZ,2017,-748800000.0,22626600000.0,180958500000.0,330416100000.0,127579800000.0
AZ,2018,-802000000.0,24264100000.0,193037300000.0,349907500000.0,133408000000.0
AZ,2019,-834200000.0,25240900000.0,204327800000.0,369988200000.0,141253700000.0
AZ,2020,-13249000000.0,25832600000.0,214073100000.0,373719000000.0,147062300000.0
CA,1997,-4792600000.0,70407300000.0,574432900000.0,1071117000000.0,431069400000.0
CA,1998,-4538300000.0,73616000000.0,625411700000.0,1147520400000.0,453030900000.0
CA,1999,-5041000000.0,78034500000.0,681068500000.0,1241899700000.0,487837800000.0
CA,2000,-4761800000.0,83626100000.0,768199000000.0,1356975400000.0,509912000000.0
CA,2001,-12587000000.0,86857900000.0,786778900000.0,1375761300000.0,514711600000.0
CA,2002,-5607400000.0,92987000000.0,793668600000.0,1418429600000.0,537381300000.00006
CA,2003,-5708300000.0,94897200000.0,826979800000.0,1497918700000.0,581749900000.0
CA,2004,-5812100000.0,102513400000.0,881668600000.0,1588177400000.0,609807500000.0
CA,2005,-6632400000.0,108454800000.0,926929300000.0,1698560400000.0,669808700000.0
CA,2006,-6264600000.0,119326100000.0,980936400000.0,1812210000000.0,718212000000.0
CA,2007,-5978300000.0,124466200000.0,1029657700000.0,1898902000000.0,750756500000.0
CA,2008,-6187500000.0,132425500000.0,1042144900000.0,1944695300000.0,776312400000.0
CA,2009,-7376200000.0,129051300000.0,990073000000.0,1890165900000.0,778417700000.0
CA,2010,-7160300000.0,132283700000.00002,1010508800000.0,1954092700000.0,818460500000.0
CA,2011,-7370100000.0,140407800000.0,1059293200000.0,2023500000000.0,831169100000.0
CA,2012,-6940000000.0,137518400000.0,1113411500000.0,2113096400000.0,869106600000.0
CA,2013,-6942200000.0,147444800000.0,1157678600000.0,2220389900000.0,922208700000.0
CA,2014,-7037100000.0,157004000000.0,1225532500000.0,2335286500000.0,959787000000.0
CA,2015,-6831600000.0,166529000000.0,1313766300000.0,2473555900000.0,1000092200000.0
CA,2016,-7412100000.0,167237300000.0,1371402000000.0,2569634000000.0,1038406800000.0
CA,2017,-7464500000.0,173509300000.0,1452842600000.0,2730973900000.0,1112086600000.0
CA,2018,-7766500000.0,190252000000.0,1531503100000.0,2895101000000.0,1181112300000.0
CA,2019,-8032400000.0,210270100000.0,1615149100000.0,3052645200000.0,1235258400000.0
CA,2020,-101284900000.0,204527800000.0,1658813100000.0,3007187700000.0,1245131600000.0
CO,1997,-542100000.0,8627500000.0,75823900000.0,136898700000.00002,52989400000.0
CO,1998,-618000000.0,9300600000.0,83882300000.0,150330000000.0,57765100000.0
CO,1999,-746300000.0,10085900000.0,91784800000.0,163763300000.0,62638800000.0
CO,2000,-729700000.0,10888800000.0,103429200000.0,180063200000.0,66475000000.0
CO,2001,-885500000.0,11258600000.0,107435000000.0,186695800000.0,68887700000.0
CO,2002,-635000000.0,11774800000.0,106707400000.0,190019000000.0,72171800000.0
CO,2003,-865400000.0,11908100000.0,108800200000.0,196126500000.0,76283500000.0
CO,2004,-703300000.0,12777000000.0,114072400000.0,204167200000.0,78021100000.0
CO,2005,-960500000.0,13869300000.0,120699000000.0,220783700000.0,87175900000.0
CO,2006,-802800000.0,14551300000.0,128021900000.0,232646700000.0,90876400000.0
CO,2007,-749800000.0,15387800000.0,135559900000.0,248446500000.0,98248600000.0
CO,2008,-812000000.0,15519600000.0,140506900000.0,258871700000.0,103657200000.0
CO,2009,-893900000.0,15201200000.0,136685900000.0,251227700000.0,100234400000.0
CO,2010,-896400000.0,17616900000.0,138375600000.0,258300200000.0,103204100000.0
CO,2011,-997000000.0,18326500000.0,143060000000.0,267516099999.99997,107126600000.0
CO,2012,-972900000.0,17258500000.0,150874500000.0,276823100000.0,109663100000.0
CO,2013,-1035900000.0000001,17953400000.0,157077600000.0,292140500000.0,118145400000.0
CO,2014,-1056200000.0,18961700000.0,168061900000.0,309542600000.0,123575200000.0
CO,2015,-998400000.0,19516800000.0,176758600000.0,320721100000.0,125444100000.0
CO,2016,-1091000000.0,20775400000.0,182139900000.0,329911700000.0,128087500000.0
CO,2017,-1137800000.0,22457600000.0,193502000000.0,348898100000.0,134076299999.99998
CO,2018,-1118900000.0,24154000000.0,206054100000.0,371424600000.0,142335400000.0
CO,2019,-1213800000.0,24793200000.0,219975900000.0,392218000000.0,148662700000.0
CO,2020,-14325100000.0,24922000000.0,224584500000.0,382584700000.0,147403300000.0
CT,1997,-408900000.0,10733300000.0,77438900000.0,138331800000.0,50568500000.0
CT,1998,-378200000.0,11317300000.0,82629700000.0,145475500000.0,51906800000.0
CT,1999,-393800000.0,11521000000.0,87404900000.0,152287500000.0,53755300000.0
CT,2000,-383900000.0,11810100000.0,94354000000.0,165614300000.0,59834200000.0
CT,2001,-397600000.0,11820200000.0,97529500000.0,171216600000.0,62264600000.0
CT,2002,-402600000.0,12135400000.0,96987400000.0,173248300000.0,64528000000.0
CT,2003,-464000000.0,13051300000.0,99734000000.0,178702200000.0,66380899999.99999
CT,2004,-490300000.0,13485000000.0,106028100000.0,195354900000.0,76332100000.0
CT,2005,-544300000.0,14103000000.0,110615400000.0,205214600000.0,81040600000.0
CT,2006,-512500000.0,14129800000.0,115349100000.0,219768400000.0,90802100000.0
CT,2007,-491900000.0,14883800000.0,122630900000.0,234540700000.0,97517800000.0
CT,2008,-510000000.0,14848300000.0,124157200000.0,238936800000.0,100441400000.0
CT,2009,-620900000.0,15023300000.0,118313200000.0,233290700000.0,100575100000.0
CT,2010,-628500000.0,15117700000.0,120487200000.0,234700000000.0,99723500000.0
CT,2011,-697400000.0,15816400000.0,124608400000.0,233158700000.0,93431400000.0
CT,2012,-641400000.0,17568100000.0,127400600000.0,240911900000.0,96584600000.0
CT,2013,-618300000.0,17826300000.0,129317300000.0,241517400000.0,94992100000.0
CT,2014,-642400000.0,18540200000.0,133233100000.0,246597000000.0,95466100000.0
CT,2015,-632700000.0,18481100000.0,137749800000.0,259487800000.0,103889600000.0
CT,2016,-636500000.0,18524600000.0,139068100000.0,263670300000.0,106714000000.0
CT,2017,-563600000.0,18996400000.0,140689000000.0,271582599999.99997,112460900000.0
CT,2018,-584200000.0,20628000000.0,143619200000.0,280692000000.0,117029000000.0
CT,2019,-591400000.0,21186500000.0,147056200000.0,288109100000.0,120457800000.0
CT,2020,-8482000000.0,21651400000.0,146869800000.0,276422900000.0,116383800000.0
DC,1997,-484200000.0,1885400000.0,36301400000.0,52503600000.0,14801000000.0
DC,1998,-427500000.0,1913400000.0,37987600000.0,54815300000.0,15341700000.0
DC,1999,-414800000.0,1934300000.0,41056300000.0,58819200000.0,16243400000.0
DC,2000,-398600000.0,1904500000.0,43492400000.0,61092900000.0,16094700000.0
DC,2001,-405700000.0,1854100000.0,46445400000.0,65442900000.0,17549100000.0
DC,2002,-488600000.0,2029400000.0,49248800000.0,69919500000.0,19130000000.0
DC,2003,-520900000.0,2706600000.0,51880100000.0,73957100000.0,19891300000.0
DC,2004,-585200000.0,3218900000.0,55561000000.0,80140100000.0,21945400000.0
DC,2005,-634600000.0,3247000000.0,58969900000.0,84867600000.0,23285300000.0
DC,2006,-657600000.0,3333000000.0,61493000000.0,88125000000.0,23956600000.0
DC,2007,-625900000.0,3671400000.0,64695000000.0,93785400000.0,26044900000.0
DC,2008,-625500000.0,3663400000.0,67798500000.0,99496500000.0,28660200000.0
DC,2009,-686400000.0,3515200000.0,69085100000.0,100446000000.0,28532200000.0
DC,2010,-701200000.0,3714600000.0,72796000000.0,106146900000.0,30337400000.0
DC,2011,-844400000.0,3651700000.0,75879700000.0,109730400000.0,31043300000.0
DC,2012,-725000000.0,4011400000.0,77014400000.0,112157000000.0,31856200000.0
DC,2013,-731500000.0,4208700000.0,78320200000.0,114540100000.0,32742800000.0
DC,2014,-762900000.0,4528800000.0,81738000000.0,119414600000.0,33910699999.999996
DC,2015,-771900000.0,4997100000.0,84939200000.0,124604700000.0,35440200000.0
DC,2016,-804200000.0,5143100000.0,88185700000.0,129648600000.0,37123900000.0
DC,2017,-789100000.0,5234400000.0,91690800000.0,133391200000.00002,37255100000.0
DC,2018,-861200000.0,5567000000.0,96532100000.0,139784800000.0,38546900000.0
DC,2019,-862500000.0,5941300000.0,99285900000.0,144405700000.0,40041000000.0
DC,2020,-4174100000.0000005,6054600000.0,100994500000.0,144554800000.0,41679900000.0
DE,1997,-93400000.0,1578300000.0,15575000000.0,33353400000.0,16293500000.0
DE,1998,-91600000.0,1693700000.0,16806599999.999998,37106000000.0,18697300000.0
DE,1999,-107000000.0,1800500000.0,17926400000.0,40345100000.0,20725100000.0
DE,2000,-106600000.0,1985700000.0,19093400000.0,43451300000.0,22478800000.0
DE,2001,-111700000.0,1741100000.0,20001500000.0,46096100000.0,24465300000.0
DE,2002,-115500000.0,1858300000.0,20554100000.0,45508300000.0,23211300000.0
DE,2003,-128699999.99999999,2015400000.0,21378300000.0,47686100000.0,24421200000.0
DE,2004,-132500000.0,2616800000.0,22709700000.0,51353700000.0,26159700000.0
DE,2005,-162000000.0,2730500000.0,24150200000.0,52153500000.0,25434900000.0
DE,2006,-144700000.0,2820600000.0,25518000000.0,55174400000.0,26980500000.0
DE,2007,-136200000.0,2854800000.0,26096700000.0,56612800000.0,27797500000.0
DE,2008,-157100000.0,2715800000.0,26254300000.0,55459800000.0,26646800000.0
DE,2009,-178700000.0,2744300000.0,25197300000.0,57849700000.0,30086800000.0
DE,2010,-236700000.0,2948800000.0,25509500000.0,58163500000.0,29941900000.0
DE,2011,-243800000.0,2932000000.0,26691500000.0,61372200000.0,31992500000.0
DE,2012,-219500000.0,3108500000.0,27443200000.0,62354600000.0,32022400000.0
DE,2013,-232000000.0,3274800000.0,28040400000.0,61716200000.0,30633000000.0
DE,2014,-217600000.0,3594700000.0,29389200000.0,68354700000.0,35588500000.0
DE,2015,-185300000.0,3650900000.0,30346300000.0,71913900000.0,38102100000.0
DE,2016,-195300000.0,3918700000.0,30517300000.0,69355000000.0,35114200000.0
DE,2017,-188500000.0,4041500000.0,32026200000.0,68763800000.0,32884600000.0
DE,2018,-184000000.0,4322700000.0,33276000000.0,72488000000.0,35073300000.0
DE,2019,-202800000.0,4589500000.0,34588900000.0,77042200000.0,38066600000.0
DE,2020,-2144600000.0,4384600000.0,34740900000.0,75786500000.0,38805600000.0
FL,1997,-1220700000.0,38869000000.0,221570000000.0,401535300000.0,142316900000.0
FL,1998,-1226200000.0,42021400000.0,240582200000.0,429138400000.0,147761100000.0
FL,1999,-1279800000.0,44304400000.0,255858300000.0,458058900000.0,159175900000.0
FL,2000,-1259300000.0,45779400000.0,277809500000.0,490429800000.0,168100200000.0
FL,2001,-1766400000.0,46411900000.0,294909500000.0,519058600000.0,179503500000.0
FL,2002,-1578300000.0,50188500000.0,307774100000.0,553010300000.0,196626000000.0
FL,2003,-1999900000.0,55102000000.0,325492800000.0,590483100000.0,211888300000.0
FL,2004,-2210900000.0,62943600000.0,350823800000.0,646630600000.0,235074200000.0
FL,2005,-2685900000.0,68557300000.0,380964100000.0,705851900000.0,259016400000.0
FL,2006,-2346200000.0,73798200000.0,404090700000.0,750523800000.0,274981100000.0
FL,2007,-2235000000.0,76794200000.0,417548400000.0,782712500000.0,290605000000.0
FL,2008,-2134100000.0,74213000000.0,414893500000.0,763341500000.0,276369100000.0
FL,2009,-2461300000.0,69993500000.0,392861000000.0,735421000000.0,275027800000.0
FL,2010,-2162200000.0,68926300000.0,397666100000.0,746928900000.0,282498700000.0
FL,2011,-2586000000.0,67819300000.0,405488700000.0,755240000000.0,284517900000.0
FL,2012,-2437800000.0,68607200000.0,422060400000.0,778545000000.0,290315200000.0
FL,2013,-2401000000.0,71407600000.0,438575000000.0,811751700000.0,304170100000.0
FL,2014,-2355200000.0,72726600000.0,460825600000.0,851692400000.0,320495400000.0
FL,2015,-2376100000.0,75030100000.0,490204400000.0,908519900000.0,345661500000.0
FL,2016,-2538200000.0,79258900000.0,513290500000.0,953352500000.0,363341300000.0
FL,2017,-2510300000.0,84521100000.0,542014400000.0,1002568100000.0,378542900000.0
FL,2018,-2622700000.0,90135900000.0,574986900000.0,1057862300000.0,395362300000.0
FL,2019,-2791400000.0,94690800000.0,605957500000.0,1116435400000.0,418578600000.0
FL,2020,-45537500000.0,94286900000.0,616070900000.0,1106035500000.0,441215200000.0
GA,1997,-691800000.0,16183000000.0,132265000000.0,242540800000.0,94784600000.0
GA,1998,-734700000.0,17034099999.999998,145064500000.0,265347200000.0,103983200000.0
GA,1999,-912000000.0,18645500000.0,156224600000.0,289187900000.0,115229700000.0
GA,2000,-925300000.0,19786400000.0,168914100000.0,305572000000.0,117796700000.0
GA,2001,-1281200000.0,20514500000.0,174526500000.0,317475500000.0,123715700000.0
GA,2002,-1254300000.0,20769300000.0,177213000000.0,327051300000.0,130323400000.0
GA,2003,-1347800000.0,21734400000.0,183554300000.0,342576200000.0,138635400000.0
GA,2004,-981700000.0,23062400000.0,193534900000.0,364782000000.0,149166300000.0
GA,2005,-1464600000.0,25018000000.0,204406200000.0,389537700000.0,161578100000.0
GA,2006,-1249500000.0,26974100000.0,216299700000.0,406015600000.0,163991300000.0
GA,2007,-1144700000.0,26932800000.0,226913000000.0,419606300000.0,166905200000.0
GA,2008,-1162500000.0,27241900000.0,228942100000.0,416377600000.0,161356100000.0
GA,2009,-1338300000.0,25660600000.0,221382900000.0,409590800000.0,163885500000.0
GA,2010,-1158300000.0,26133300000.0,223589200000.0,418091300000.0,169527100000.0
GA,2011,-1306700000.0,27020800000.0,231955300000.0,431653900000.0,173984500000.0
GA,2012,-1310500000.0,28233200000.0,240348000000.0,447764700000.0,180494000000.0
GA,2013,-1286400000.0,28547600000.0,249271900000.0,464752800000.0,188219700000.0
GA,2014,-1269100000.0,29721400000.0,262661599999.99997,490079300000.0,198965400000.0
GA,2015,-1280500000.0,30142600000.0,276958600000.0,521008200000.0,215187400000.0
GA,2016,-1455700000.0,31906200000.0,288387800000.0,547546699999.99994,228708400000.0
GA,2017,-1396700000.0,32658700000.0,301759000000.0,574404400000.0,241383400000.0
GA,2018,-1361000000.0,36232700000.0,315641700000.0,602340100000.0,251826600000.0
GA,2019,-1744300000.0,38250900000.0,330416900000.0,637798700000.0,270875200000.0
GA,2020,-20652300000.0,38064600000.0,335679600000.0,622627800000.0,269536000000.0
HI,1997,-185400000.0,3260800000.0,21079400000.0,37707400000.0,13552700000.0
HI,1998,-164700000.0,3309000000.0,21564400000.0,37622900000.0,12914200000.0
HI,1999,-151200000.0,3344300000.0,22223300000.0,38990600000.0,13574300000.0
HI,2000,-154100000.0,3593900000.0,23456200000.0,41096800000.0,14200800000.0
HI,2001,-260600000.00000003,3547600000.0,24637900000.0,42585400000.0,14660400000.0
HI,2002,-152600000.0,3654400000.0,26166000000.0,44644200000.0,14976400000.0
HI,2003,-214100000.0,3944300000.0,27939700000.0,48166100000.0,16496200000.0
HI,2004,-165400000.0,4382400000.0,29982000000.0,52353500000.0,18154600000.0
HI,2005,-208600000.0,4852900000.0,32024100000.0,57369400000.0,20701000000.0
HI,2006,-199900000.0,5283200000.0,33875300000.000004,60846500000.0,21887900000.0
HI,2007,-199200000.0,5575300000.0,35763500000.0,64163600000.0,23024000000.0
HI,2008,-205500000.0,5562700000.0,36819900000.0,65678200000.0,23501200000.0
HI,2009,-243600000.0,5336900000.0,36021900000.0,64549700000.0,23434600000.0
HI,2010,-224400000.0,5592600000.0,36556100000.0,66872899999.99999,24948600000.0
HI,2011,-246800000.0,5999000000.0,38155400000.0,69083900000.0,25176200000.0
HI,2012,-239700000.0,6456400000.0,39546200000.0,71905300000.0,26142300000.0
HI,2013,-239700000.0,6645800000.0,40832400000.0,74554900000.0,27316400000.0
HI,2014,-254700000.0,7069100000.0,42505100000.0,76773300000.0,27453800000.0
HI,2015,-251900000.0,7435100000.0,44525800000.0,81230300000.0,29521300000.0
HI,2016,-247700000.0,7677400000.0,46047300000.0,83914400000.0,30437400000.0
HI,2017,-241100000.0,8210900000.0,47525900000.0,87177800000.0,31682100000.0
HI,2018,-246900000.0,9046100000.0,49010000000.0,90276400000.0,32467200000.0
HI,2019,-258399999.99999997,9343200000.0,50233100000.0,91781100000.0,32463300000.0
HI,2020,-4191700000.0,8686100000.0,47292100000.0,82884600000.0,31098000000.0
IA,1997,-784500000.0,5647100000.0,43058400000.0,82720400000.0,34799400000.0
IA,1998,-1163200000.0,5843800000.0,46424700000.0,84644000000.0,33538699999.999996
IA,1999,-1949500000.0,6152200000.0,48851500000.0,87782400000.0,34728200000.0
IA,2000,-2159900000.0,6288300000.0,51344900000.0,93112000000.0,37638700000.0
IA,2001,-2014100000.0,6336300000.0,53028300000.0,94837800000.0,37487300000.0
IA,2002,-898800000.0,6588100000.0,54063300000.0,98557000000.0,38804400000.0
IA,2003,-1187200000.0,6812100000.0,56040300000.0,105123300000.0,43458100000.0
IA,2004,-1409200000.0,7188400000.0,59519600000.0,117188500000.0,51889700000.0
IA,2005,-2327800000.0,7666700000.0,62370900000.0,123190900000.0,55481200000.0
IA,2006,-1425900000.0,7930900000.0,65579899999.99999,127896300000.0,55811400000.0
IA,2007,-1115400000.0,8266100000.0,69086100000.0,137930200000.0,61693300000.0
IA,2008,-1216900000.0,8650400000.0,71693100000.0,137548500000.0,58421900000.0
IA,2009,-1260800000.0,8885400000.0,70609800000.0,136894600000.0,58660200000.0
IA,2010,-1330100000.0,9134000000.0,71824000000.0,142233900000.0,62605900000.0
IA,2011,-1312900000.0,9674900000.0,74054800000.0,148477600000.0,66060800000.0
IA,2012,-1334300000.0,10326300000.0,77814100000.0,158538400000.0,71732300000.0
IA,2013,-1376000000.0,10417100000.0,80039600000.0,162200300000.0,73119600000.0
IA,2014,-1026900000.0000001,10585400000.0,84326300000.0,173095900000.0,79211100000.0
IA,2015,-1703400000.0,11080400000.0,87450100000.0,180299300000.0,83472200000.0
IA,2016,-1471300000.0,11838300000.0,90119600000.0,181011400000.0,80524800000.0
IA,2017,-1178800000.0,11933900000.0,92724000000.0,183549800000.0,80070700000.0
IA,2018,-1596200000.0,12468400000.0,96404200000.0,190403100000.0,83126600000.0
IA,2019,-2467600000.0,12853000000.0,98768300000.0,194322600000.0,85168900000.0
IA,2020,-8901000000.0,12891700000.0,100328000000.0,194267600000.0,89949000000.0
ID,1997,-142700000.0,2066199999.9999998,16181200000.0,29496900000.0,11392200000.0
ID,1998,-222300000.0,2173300000.0,17240600000.0,31059800000.0,11868200000.0
ID,1999,-246100000.0,2306300000.0,18500300000.0,34239900000.0,13679400000.0
ID,2000,-289500000.0,2434700000.0,20431900000.0,38083100000.0,15506000000.0
ID,2001,-260000000.0,2424400000.0,20917200000.0,37489000000.0,14407500000.0
ID,2002,-219200000.0,2630500000.0,21551600000.0,38673200000.0,14710300000.0
ID,2003,-222600000.0,2851500000.0,22333300000.0,40490600000.0,15528500000.0
ID,2004,-225000000.0,3137400000.0,23926600000.0,44327900000.0,17489000000.0
ID,2005,-285700000.0,3264100000.0,25715500000.0,48642800000.0,19948900000.0
ID,2006,-228500000.0,3381400000.0,28405300000.0,51125800000.0,19567500000.0
ID,2007,-210600000.0,3471600000.0,29989000000.0,53934500000.0,20684500000.0
ID,2008,-240500000.0,3416900000.0,29946100000.0,56200800000.0,23078300000.0
ID,2009,-276200000.0,3305800000.0,28599800000.0,54064100000.0,22434700000.0
ID,2010,-277000000.0,3359700000.0,28902700000.0,55587600000.0,23602200000.0
ID,2011,-254900000.0,3520500000.0,29302500000.0,56941100000.0,24373000000.0
ID,2012,-258800000.0,3650300000.0,30077200000.0,58323900000.0,24855200000.0
ID,2013,-277800000.0,3885600000.0,31778000000.0,61835800000.0,26450000000.0
ID,2014,-235800000.0,4102200000.0,33031100000.0,64575200000.0,27677800000.0
ID,2015,-225100000.0,4176000000.0,34661500000.0,65899899999.99999,27287500000.0
ID,2016,-283200000.0,4493000000.0,36573800000.0,68837400000.0,28053800000.0
ID,2017,-300300000.0,4798000000.0,39467800000.0,71688400000.0,27723000000.0
ID,2018,-310900000.0,5122400000.0,42232500000.0,77493900000.0,30449900000.0
ID,2019,-332500000.0,5232000000.0,44544700000.0,82420100000.0,32975900000.0
ID,2020,-3615200000.0,5413100000.0,47451000000.0,83821600000.0,34572600000.0
IL,1997,-1971400000.0,29451400000.0,236758400000.0,415534800000.0,151296600000.0
IL,1998,-2255500000.0,30117600000.0,254033100000.0,436567100000.0,154671800000.0
IL,1999,-3055300000.0,32418900000.0,268468900000.00003,460331100000.0,162498500000.0
IL,2000,-3153600000.0,33893699999.999996,285572200000.0,487014600000.0,170702300000.0
IL,2001,-3493300000.0,34757900000.0,295169700000.0,501552800000.0,175118500000.0
IL,2002,-2200900000.0,36193000000.0,299236000000.0,514361100000.0,181133000000.0
IL,2003,-2704500000.0,38061800000.0,304674300000.0,533022500000.0,192990900000.0
IL,2004,-2871400000.0,40604500000.0,318668900000.0,563060800000.0,206658900000.0
IL,2005,-3572500000.0,43860600000.0,332910600000.0,589811800000.0,216613100000.0
IL,2006,-2902900000.0,46400700000.0,351335000000.0,624242900000.0,229410100000.0
IL,2007,-2550200000.0,47895500000.0,368751600000.0,650145200000.0,236048200000.0
IL,2008,-2688800000.0,49320900000.0,375336600000.0,654657500000.0,232688800000.0
IL,2009,-2960000000.0,48396600000.0,358700700000.0,649862700000.0,245725500000.0
IL,2010,-2867200000.0,47998300000.0,362460900000.0,666404800000.0,258812800000.0
IL,2011,-3107000000.0,49646800000.0,377501100000.0,692880800000.0,268839900000.00003
IL,2012,-2985500000.0,52363300000.0,392016800000.0,726399100000.0,285004500000.0
IL,2013,-3068200000.0,54319300000.0,400321800000.0,741121500000.0,289548600000.0
IL,2014,-2719600000.0,57745800000.0,413181700000.0,771356100000.0,303148200000.0
IL,2015,-2842000000.0,60786300000.0,432132900000.0,799930500000.0,309853300000.0
IL,2016,-3459700000.0,61751300000.0,437916400000.0,807043200000.0,310835200000.0
IL,2017,-2985100000.0,64348700000.0,453094500000.0,827075200000.0,312617100000.0
IL,2018,-3429000000.0,67699300000.0,472571100000.0,867535500000.0,330694100000.0
IL,2019,-4127100000.0000005,70212600000.0,485107700000.0,890486100000.0,339292900000.0
IL,2020,-34238100000.0,70663500000.0,482911000000.0,858366900000.0,339030600000.0
IN,1997,-516700000.00000006,11027100000.0,97939300000.0,170431900000.0,61982100000.0
IN,1998,-697400000.0,11398600000.0,104953800000.0,184359800000.0,68704899999.99999
IN,1999,-1067099999.9999999,11993800000.0,111590400000.0,193147300000.0,70630200000.0
IN,2000,-1152900000.0,12577500000.0,117278700000.0,203801100000.0,75097800000.0
IN,2001,-1256400000.0,12991500000.0,118592100000.0,205470900000.0,75143800000.0
IN,2002,-708000000.0,13344800000.0,120790000000.0,212837800000.0,79411000000.0
IN,2003,-883600000.0,14543100000.0,124487800000.0,225442700000.0,87295400000.0
IN,2004,-987200000.0,15087000000.0,130675000000.0,239743600000.0,94968800000.0
IN,2005,-1410300000.0,18287300000.0,135176000000.0,248170500000.0,96117500000.0
IN,2006,-1052800000.0,18588600000.0,140881400000.0,259602800000.0,101185600000.0
IN,2007,-824400000.0,16358700000.0,145418100000.0,273509500000.0,112557000000.0
IN,2008,-846600000.0,17677600000.0,147507500000.0,275538700000.0,111200200000.0
IN,2009,-965900000.0,17552500000.0,138300200000.0,263326800000.0,108440000000.0
IN,2010,-929300000.0,17886500000.0,142246900000.0,282562200000.0,123358000000.0
IN,2011,-1094000000.0,17104500000.0,147746500000.0,291356100000.0,127599100000.0
IN,2012,-1066900000.0000001,18283400000.0,154866000000.0,300513900000.0,128431400000.0
IN,2013,-1127800000.0,19063900000.0,157878700000.0,312138500000.0,136323600000.0
IN,2014,-872200000.0,19324000000.0,165190800000.0,327958300000.0,144315600000.0
IN,2015,-894500000.0,19265600000.0,171676400000.0,331945700000.0,141898200000.0
IN,2016,-1254100000.0,19522200000.0,176918600000.0,340500700000.0,145314000000.0
IN,2017,-1035599999.9999999,20470100000.0,184502300000.0,353150300000.0,149213500000.0
IN,2018,-1194700000.0,22197100000.0,193430700000.0,373518400000.0,159085200000.0
IN,2019,-1564800000.0,22579400000.0,199335500000.0,381020300000.0,160670200000.0
IN,2020,-13059800000.0,23119300000.0,201083200000.0,375336700000.0,164194000000.0
KS,1997,-616400000.0,5559300000.0,42336500000.0,74662300000.0,27382900000.0
KS,1998,-905000000.0,5840800000.0,45547800000.0,78382000000.0,27898300000.0
KS,1999,-1371200000.0,5956800000.0,48195000000.0,81883800000.0,29103200000.0
KS,2000,-1228500000.0,6200200000.0,50990400000.0,86099000000.0,30136900000.0
KS,2001,-1169600000.0,6423300000.0,52831500000.0,88883600000.0,30798400000.0
KS,2002,-627400000.0,6693600000.0,53702700000.0,91584200000.0,31815200000.0
KS,2003,-945900000.0,7263400000.0,54840600000.0,95359900000.0,34201800000.000004
KS,2004,-818000000.0,7944200000.0,57791200000.0,99083000000.0,34165600000.0
KS,2005,-1278200000.0,8206799999.999999,60118300000.0,105526300000.0,38479500000.0
KS,2006,-876600000.0,8584400000.0,63829500000.0,114091900000.0,42554700000.0
KS,2007,-823100000.0,8718600000.0,68161399999.99999,123878700000.0,47821900000.0
KS,2008,-990800000.0,8906100000.0,71307200000.0,128604300000.0,49381800000.0
KS,2009,-989000000.0,8830800000.0,68625300000.0,125348900000.0,48881800000.0
KS,2010,-960300000.0,8969200000.0,69941100000.0,128591300000.0,50641300000.0
KS,2011,-999000000.0,9726300000.0,72450000000.0,136358900000.0,55181600000.0
KS,2012,-1021700000.0,10053800000.0,74831200000.0,141818200000.0,57954900000.0
KS,2013,-1294000000.0,10442300000.0,77489800000.0,144483200000.0,57845200000.0
KS,2014,-1205700000.0,10803200000.0,80384800000.0,150183600000.0,60201300000.0
KS,2015,-1029900000.0000001,10667000000.0,83071700000.0,154958200000.0,62249400000.0
KS,2016,-1102600000.0,11335800000.0,83370600000.0,160451000000.0,66847300000.0
KS,2017,-1106800000.0,11695900000.0,85268300000.0,164923300000.0,69066000000.0
KS,2018,-1279200000.0,12216200000.0,88824700000.0,172327500000.0,72565700000.0
KS,2019,-1938900000.0,12472200000.0,91993200000.0,176738500000.0,74212000000.0
KS,2020,-7776000000.0,12833500000.0,93348700000.0,175141800000.0,76735600000.0
KY,1997,-233300000.0,7943600000.0,55345300000.0,104546200000.0,41490600000.0
KY,1998,-285700000.0,8178800000.0,58587000000.0,109382300000.0,42902200000.0
KY,1999,-387200000.0,8327600000.0,62758300000.0,115106800000.0,44408100000.0
KY,2000,-565300000.0,9082800000.0,66433800000.0,114169200000.0,39217900000.0
KY,2001,-489100000.0,9169900000.0,68971300000.0,117647900000.0,39995800000.0
KY,2002,-325500000.0,9426900000.0,70906700000.0,122435300000.0,42427200000.0
KY,2003,-385800000.0,9244700000.0,73727300000.0,127982200000.0,45395900000.0
KY,2004,-399000000.0,9858500000.0,77558300000.0,135529299999.99998,48511500000.0
KY,2005,-1034800000.0,10981700000.0,81538300000.0,145011100000.0,53525800000.0
KY,2006,-711600000.0,11323500000.0,84967700000.0,153408400000.0,57828900000.0
KY,2007,-590600000.0,11209800000.0,88857500000.0,157163700000.0,57687100000.0
KY,2008,-596200000.0,11654300000.0,91397900000.0,159883800000.0,57427800000.0
KY,2009,-673000000.0,11395700000.0,88539000000.0,157479800000.0,58218100000.0
KY,2010,-624300000.0,12174200000.0,91544700000.0,166408700000.0,63314000000.0
KY,2011,-691100000.0,12515100000.0,94536200000.0,171586900000.0,65226700000.0
KY,2012,-694400000.0,13097800000.0,97929700000.0,178143700000.0,67810600000.00001
KY,2013,-698700000.0,13456100000.0,98974100000.0,184524400000.0,72792900000.0
KY,2014,-635000000.0,13970300000.0,102252800000.0,187983800000.0,72395700000.0
KY,2015,-516200000.00000006,14024700000.0,107212500000.0,193413100000.0,72692000000.0
KY,2016,-548200000.0,14251300000.0,109392900000.0,196484900000.0,73388900000.0
KY,2017,-565100000.0,14716000000.0,112383300000.0,201555000000.0,75020800000.0
KY,2018,-555300000.0,15385500000.0,116582700000.0,208250300000.0,76837400000.0
KY,2019,-731800000.0,16021300000.0,120827600000.0,216101500000.0,79984400000.0
KY,2020,-7392200000.0,16075300000.0,121930900000.0,212539600000.0,81925500000.0
LA,1997,-385800000.0,8973800000.0,60384900000.0,116313200000.0,47340300000.0
LA,1998,-455300000.0,9401000000.0,64270000000.0,120198100000.0,46982400000.0
LA,1999,-620000000.0,9834400000.0,65595600000.00001,125807300000.0,50997300000.0
LA,2000,-661200000.0,10230500000.0,68244399999.99999,132640799999.99998,54827200000.0
LA,2001,-720600000.0,10856700000.0,72116300000.0,137901200000.0,55648800000.0
LA,2002,-553100000.0,11139900000.0,74690600000.0,139800900000.0,54523500000.0
LA,2003,-724400000.0,11402200000.0,77669300000.0,155092400000.0,66745300000.0
LA,2004,-587100000.0,11895100000.0,81364700000.0,171006100000.0,78333400000.0
LA,2005,-692100000.0,12845600000.0,84468300000.0,199594700000.0,102973000000.0
LA,2006,-677800000.0,14185500000.0,89793900000.0,207773800000.0,104472100000.0
LA,2007,-6476900000.0,15229500000.0,96452800000.0,203041000000.0,97835600000.0
LA,2008,-3561600000.0,15062600000.0,102562400000.0,212392400000.0,98329000000.0
LA,2009,-1633100000.0,13920500000.0,101700000000.0,204906900000.0,90919500000.0
LA,2010,-1328900000.0,14377400000.0,104420200000.0,225308900000.0,107840200000.0
LA,2011,-1015600000.0,15167600000.0,106156300000.0,229945000000.0,109636700000.0
LA,2012,-810900000.0,15415600000.0,109776900000.0,235384700000.0,111003100000.0
LA,2013,-765600000.0,16125900000.0,112982400000.0,230832500000.0,102489800000.0
LA,2014,-645500000.0,16553200000.0,118219300000.0,240737300000.0,106610200000.0
LA,2015,-618800000.0,16216300000.0,120102200000.0,235113500000.0,99413900000.0
LA,2016,-732500000.0,17270900000.0,118559800000.0,227090700000.0,91992400000.0
LA,2017,-684500000.0,18688800000.0,121168000000.0,241704200000.0,102531900000.0
LA,2018,-667800000.0,18115300000.0,126466200000.0,255810300000.0,111896500000.0
LA,2019,-790700000.0,18162800000.0,129089800000.0,254562000000.0,108100100000.0
LA,2020,-10277400000.0,18184700000.0,126167400000.0,235437400000.0,101362700000.0
MA,1997,-916600000.0,12184800000.0,135274100000.0,237267400000.0,90725200000.0
MA,1998,-895500000.0,12896700000.0,146259900000.0,249299000000.0,91037900000.0
MA,1999,-936200000.0,13650800000.0,158570800000.0,264644400000.00003,93358900000.0
MA,2000,-902400000.0,14242600000.0,178341800000.0,288791000000.0,97109000000.0
MA,2001,-1020400000.0,14933700000.0,181279700000.0,296868700000.0,101675600000.0
MA,2002,-1065099999.9999999,15661600000.0,178920000000.0,301836400000.0,108319900000.0
MA,2003,-1166500000.0,16753099999.999998,181644300000.0,311188600000.0,113957700000.0
MA,2004,-1182300000.0,18101100000.0,192669100000.0,326737100000.0,117149200000.0
MA,2005,-1289300000.0,18879400000.0,199116400000.0,341993200000.0,125286600000.0
MA,2006,-1229200000.0,19238100000.0,209686000000.0,359270000000.0,131575100000.0
MA,2007,-1191700000.0,19282100000.0,223265400000.0,378519100000.0,137163299999.99998
MA,2008,-1276800000.0,19503700000.0,230268800000.0,390778400000.0,142282600000.0
MA,2009,-1473200000.0,20040200000.0,221632300000.0,390504800000.0,150305500000.0
MA,2010,-1504700000.0,21114000000.0,229648000000.0,411136100000.0,161878900000.0
MA,2011,-1352500000.0,21772500000.0,240554100000.0,425523000000.0,164548900000.0
MA,2012,-1653300000.0,22726800000.0,250386400000.0,442916900000.0,171457000000.0
MA,2013,-1669600000.0,23819100000.0,257993000000.0,454321200000.0,174178600000.0
MA,2014,-1674000000.0,25569900000.0,270567400000.00003,470468500000.0,176005200000.0
MA,2015,-1644100000.0,26743500000.0,286906600000.0,498851300000.0,186845400000.0
MA,2016,-1735000000.0,27894900000.0,295050100000.0,514637600000.0,193427500000.0
MA,2017,-1648000000.0,28618400000.0,310474300000.0,532354300000.00006,194909600000.0
MA,2018,-1707300000.0,30395700000.0,326992700000.0,564047300000.0,208366200000.0
MA,2019,-1747400000.0,31740700000.0,343428600000.0,593256700000.0,219834800000.0
MA,2020,-20205400000.0,32468100000.0,345671200000.0,582476800000.0,224543000000.0
MD,1997,-609800000.0,10186400000.0,92546300000.0,159372100000.0,57249300000.0
MD,1998,-571200000.0,10785900000.0,99146000000.0,169982100000.0,60621400000.0
MD,1999,-616900000.0,11101800000.0,105866000000.0,180261600000.0,63910700000.0
MD,2000,-637300000.0,12281600000.0,114236600000.0,192021400000.0,66140399999.99999
MD,2001,-692900000.0,13053700000.0,120944800000.0,205981000000.0,72675400000.0
MD,2002,-670100000.0,13663300000.0,127033600000.0,217837100000.0,77810300000.0
MD,2003,-806100000.0,14373600000.0,133012700000.00002,228959300000.0,82379100000.0
MD,2004,-811000000.0,15321200000.0,141449600000.0,245124500000.0,89164700000.0
MD,2005,-935400000.0,17723700000.0,149594100000.0,262100000000.0,95717600000.0
MD,2006,-867400000.0,18428500000.0,157229900000.0,274145300000.0,99354300000.0
MD,2007,-810300000.0,18576000000.0,164466600000.0,282965600000.0,100733300000.0
MD,2008,-875600000.0,18234300000.0,168815400000.0,295400200000.0,109226100000.0
MD,2009,-1048400000.0000001,16908099999.999998,169085400000.0,299102700000.0,114157600000.0
MD,2010,-1036099999.9999999,19204800000.0,173290200000.0,314728300000.0,123269400000.0
MD,2011,-1141600000.0,19437100000.0,180282500000.0,326281200000.0,127703300000.0
MD,2012,-1104300000.0,19968900000.0,184785800000.0,332523500000.0,128873100000.0
MD,2013,-1106100000.0,20758400000.0,187444400000.0,340577600000.0,133480900000.0
MD,2014,-1092800000.0,22476900000.0,194072100000.0,352761300000.0,137305100000.0
MD,2015,-1062300000.0,23179000000.0,202399400000.0,369728100000.0,145211900000.0
MD,2016,-1109200000.0,23779200000.0,208727500000.0,387733400000.0,156335900000.0
MD,2017,-1096400000.0,24836400000.0,215612600000.0,400406000000.0,161053400000.0
MD,2018,-1192000000.0,26183900000.0,223313600000.0,411099800000.0,162794300000.0
MD,2019,-1267800000.0,27302300000.0,230977900000.0,421609500000.0,164597000000.0
MD,2020,-14302600000.0,27677700000.0,234479000000.0,410674700000.0,162820700000.0
ME,1997,-72600000.0,2998100000.0,17694300000.0,30618400000.0,9998600000.0
ME,1998,-70300000.0,3221800000.0,18796100000.0,32156200000.0,10208600000.0
ME,1999,-81000000.0,3140300000.0,20064500000.0,34413200000.0,11289400000.0
ME,2000,-84400000.0,3308300000.0,21369300000.0,36890300000.0,12297000000.0
ME,2001,-85600000.0,3460200000.0,22593000000.0,38605700000.0,12638000000.0
ME,2002,-105600000.0,3685800000.0,23480000000.0,40466200000.0,13406000000.0
ME,2003,-122400000.0,3934500000.0,24462800000.0,42315200000.0,14040300000.0
ME,2004,-133100000.0,4111899999.9999995,25796400000.0,45210000000.0,15434900000.0
ME,2005,-167300000.0,4301500000.0,26301200000.0,47078500000.0,16643099999.999998
ME,2006,-150600000.0,4541200000.0,27779600000.0,49045400000.0,16875300000.0
ME,2007,-142500000.0,4320500000.0,28867900000.0,50459300000.0,17413400000.0
ME,2008,-130600000.0,4374500000.0,29678500000.0,50713200000.0,16790800000.0
ME,2009,-172900000.0,4283500000.0,28902700000.0,51123800000.0,18110600000.0
ME,2010,-187500000.0,4541800000.0,29226800000.0,52256200000.0,18675000000.0
ME,2011,-199400000.0,4591400000.0,29665300000.0,52575500000.0,18518100000.0
ME,2012,-194200000.0,4739700000.0,30372200000.0,53679700000.0,18762100000.0
ME,2013,-193300000.0,4840600000.0,31130000000.0,54470100000.0,18692900000.0
ME,2014,-188000000.0,5174500000.0,32193800000.0,56410800000.0,19230500000.0
ME,2015,-172900000.0,5426600000.0,33491400000.0,58131300000.0,19386200000.0
ME,2016,-180100000.0,5580700000.0,34486900000.0,60254400000.0,20366800000.0
ME,2017,-173300000.0,5690700000.0,35764700000.0,62412900000.0,21130900000.0
ME,2018,-176400000.0,6061000000.0,37372400000.0,65491900000.0,22235000000.0
ME,2019,-176700000.0,6312600000.0,39138300000.0,68452899999.99999,23178700000.0
ME,2020,-2435400000.0,6476200000.0,40265300000.0,69271800000.0,24965700000.0
MI,1997,-713500000.0,19969100000.0,178618100000.0,299817700000.0,101944000000.0
MI,1998,-792100000.0,21060000000.0,189196400000.0,312688100000.0,103223800000.0
MI,1999,-1004900000.0,21303100000.0,202369200000.0,338312400000.0,115645000000.0
MI,2000,-936700000.0,23241400000.0,214270900000.0,352152400000.0,115576800000.0
MI,2001,-1078200000.0,23350100000.0,213447900000.0,349885800000.0,114166000000.0
MI,2002,-851000000.0,23504600000.0,214263500000.0,363660800000.0,126743800000.0
MI,2003,-1060099999.9999999,25707900000.0,218615500000.0,374174200000.0,130911000000.0
MI,2004,-1052000000.0,26956700000.0,224611100000.0,385621100000.0,135105299999.99998
MI,2005,-1343500000.0,29213100000.0,229499200000.0,400268900000.0,142900100000.0
MI,2006,-1121200000.0,29478100000.0,231338300000.0,401869000000.0,142173800000.0
MI,2007,-964500000.0,30339900000.0,234224600000.0,409615400000.0,146015300000.0
MI,2008,-930400000.0,29126300000.0,232215800000.0,390420900000.0,130009200000.0
MI,2009,-1109600000.0,30378300000.0,214913800000.0,368733800000.0,124551300000.0
MI,2010,-1042900000.0000001,30110900000.0,218410400000.0,390043000000.0,142564600000.0
MI,2011,-1250100000.0,29634600000.0,228032500000.0,404554700000.0,148137700000.0
MI,2012,-1191200000.0,29805000000.0,236006000000.0,422691200000.0,158071400000.0
MI,2013,-1201500000.0,30452200000.0,241941400000.0,437274400000.0,166082200000.0
MI,2014,-1065800000.0,30727500000.0,251520000000.0,451773200000.0,170591400000.0
MI,2015,-1137800000.0,30578300000.0,264774800000.0,474983300000.0,180768000000.0
MI,2016,-1187100000.0,31834200000.0,273838500000.0,490264000000.0,185778400000.0
MI,2017,-1164000000.0,32195800000.0,285806900000.0,501751600000.0,184912900000.0
MI,2018,-1194300000.0,34717400000.0,297199800000.0,520802600000.0,190079800000.0
MI,2019,-1357100000.0,35759800000.0,304604100000.0,531434600000.0,192427800000.0
MI,2020,-21567300000.0,36042300000.0,298609200000.0,515119900000.0,202035700000.0
MN,1997,-778800000.0,10987000000.0,91983800000.0,156351400000.0,54159500000.0
MN,1998,-1183900000.0,11920900000.0,100335700000.0,166904800000.0,55832200000.0
MN,1999,-1655900000.0,11761900000.0,106760400000.0,175759300000.0,58893000000.0
MN,2000,-1746700000.0,13088400000.0,115859600000.0,191515000000.0,64313800000.0
MN,2001,-1758900000.0,13386500000.0,120133800000.0,196006100000.0,64244700000.0
MN,2002,-997100000.0,13603700000.0,122613100000.0,203713800000.0,68494100000.00001
MN,2003,-1359800000.0,13941200000.0,127286900000.0,215721800000.0,75853500000.0
MN,2004,-1238000000.0,14774300000.0,134376400000.0,231267100000.0,83354400000.0
MN,2005,-1919500000.0,15909600000.0,138407900000.0,245380500000.0,92982600000.0
MN,2006,-1335400000.0,16458700000.0,143100000000.0,252295900000.0,94072600000.0
MN,2007,-1161300000.0,16562099999.999998,151595300000.0,262063100000.0,95067000000.0
MN,2008,-1307300000.0,16872000000.0,156463700000.0,267420599999.99997,95392300000.0
MN,2009,-1370800000.0,17322500000.0,148866600000.0,262088900000.0,97270700000.0
MN,2010,-1255000000.0,18808600000.0,153124600000.0,274231300000.0,103553100000.0
MN,2011,-1388100000.0,19636900000.0,160068600000.0,287039300000.0,108721900000.0
MN,2012,-1425500000.0,19834300000.0,165232800000.0,298328300000.0,114686600000.0
MN,2013,-1522100000.0,22272500000.0,170823100000.0,311126400000.0,119553000000.0
MN,2014,-1337700000.0,21779200000.0,178963800000.0,324751400000.0,125346100000.0
MN,2015,-1806300000.0,22759800000.0,187602100000.0,335530200000.0,126974600000.0
MN,2016,-1581200000.0,23999900000.0,193035000000.0,344060800000.0,128607100000.0
MN,2017,-1465600000.0,24554600000.0,202276700000.0,354684200000.0,129318600000.0
MN,2018,-1808600000.0,25710200000.0,211155400000.0,373419500000.0,138362500000.0
MN,2019,-2335500000.0,26173100000.0,218451000000.0,383039600000.0,140751100000.0
MN,2020,-16421300000.0,26425600000.0,218496200000.0,373739300000.0,145238800000.0
MO,1997,-609300000.0,10378900000.0,91302300000.0,163175600000.0,62103800000.0
MO,1998,-717600000.0,10957600000.0,96638500000.0,169483400000.0,62605000000.0
MO,1999,-984500000.0,11587400000.0,102376000000.0,177738000000.0,64759100000.0
MO,2000,-1108500000.0,11817700000.0,108908200000.0,186650000000.0,67032600000.00001
MO,2001,-1261800000.0,12101600000.0,111774500000.0,190657100000.0,68042800000.0
MO,2002,-794400000.0,12518100000.0,114810800000.0,197557700000.0,71023200000.0
MO,2003,-984600000.0,12815400000.0,118196500000.0,205588500000.0,75561200000.0
MO,2004,-890300000.0,13579000000.0,123171800000.0,217084200000.0,81223700000.0
MO,2005,-1197200000.0,14755500000.0,128904500000.0,227971300000.0,85508500000.0
MO,2006,-982100000.0,14922000000.0,135300600000.0,236386000000.0,87145500000.0
MO,2007,-883900000.0,15511600000.0,140960900000.0,244331300000.0,88742700000.0
MO,2008,-1039099999.9999999,15815700000.0,146847800000.0,254045800000.0,92421400000.0
MO,2009,-1123600000.0,15204800000.0,141830500000.0,253317700000.0,97406000000.0
MO,2010,-1026900000.0000001,15509100000.0,142433300000.0,259816100000.0,102900700000.0
MO,2011,-1144900000.0,15927600000.0,144385600000.0,262067100000.0,102898800000.0
MO,2012,-1107900000.0,16150500000.0,150020400000.0,271535099999.99997,106472200000.0
MO,2013,-1207800000.0,16678400000.000002,154609500000.0,280571000000.0,110490900000.0
MO,2014,-1245200000.0,17032900000.000002,159215600000.0,287507500000.0,112504100000.0
MO,2015,-963800000.0,16810000000.0,166903800000.0,296929300000.0,114179300000.0
MO,2016,-1171200000.0,17495800000.0,169850900000.0,300914500000.0,114739000000.0
MO,2017,-1158400000.0,18267000000.0,176623200000.0,308722100000.0,114990300000.0
MO,2018,-1320500000.0,19215700000.0,184799200000.0,319393900000.0,116699400000.0
MO,2019,-1847300000.0,19609600000.0,192096100000.0,332272900000.0,122414500000.0
MO,2020,-12534000000.0,19915600000.0,193897500000.0,329367200000.0,128088100000.0
MS,1997,-269200000.0,4701400000.0,32624300000.0,58352700000.0,21296300000.0
MS,1998,-345900000.0,5356500000.0,34934600000.0,60940400000.0,20995300000.0
MS,1999,-497100000.0,5517700000.0,36548900000.0,63879000000.0,22309600000.0
MS,2000,-521700000.00000006,5746800000.0,37902000000.0,65673100000.00001,22546100000.0
MS,2001,-1109300000.0,5811600000.0,38679600000.0,67174000000.0,23792100000.0
MS,2002,-547500000.0,5881500000.0,40003300000.0,69259900000.0,23922500000.0
MS,2003,-639800000.0,6140500000.0,41435100000.0,73961900000.0,27026200000.0
MS,2004,-552000000.0,6549800000.0,43788000000.0,77998000000.0,28212300000.0
MS,2005,-925000000.0,6946500000.0,45760600000.0,82448500000.0,30666300000.0
MS,2006,-731500000.0,7381800000.0,48147400000.0,87099500000.0,32301800000.0
MS,2007,-2071900000.0,7461500000.0,50357400000.0,91191400000.0,35444400000.0
MS,2008,-856100000.0,7571400000.0,52180100000.0,94514500000.0,35619000000.0
MS,2009,-1049200000.0,7204700000.0,50720000000.0,91792200000.0,34916700000.0
MS,2010,-790600000.0,7486900000.0,51211000000.0,93943100000.0,36035800000.0
MS,2011,-680500000.0,7709000000.0,52015900000.0,96218000000.0,37173600000.0
MS,2012,-443500000.0,7970200000.0,53978400000.0,100448400000.0,38943300000.0
MS,2013,-451500000.0,8312200000.000001,54950700000.0,102371000000.0,39559700000.0
MS,2014,-411100000.0,8730200000.0,56588900000.0,104300300000.0,39392200000.0
MS,2015,-390300000.0,8830700000.0,57703400000.0,105914600000.0,39770800000.0
MS,2016,-537000000.0,9182900000.0,58933000000.0,107291400000.0,39712500000.0
MS,2017,-525400000.0,9320800000.0,60312300000.0,109962500000.0,40854800000.0
MS,2018,-581800000.0,9645700000.0,62091800000.0,112406800000.0,41251000000.0
MS,2019,-812700000.0,9947400000.0,63875300000.0,114733800000.0,41723800000.0
MS,2020,-4520600000.0,10191200000.0,65038100000.0,113845700000.0,43137000000.0
MT,1997,-256600000.00000003,1560000000.0,10408400000.0,19290400000.0,7578600000.0
MT,1998,-362500000.0,1607200000.0,10988600000.0,20429100000.0,8195799999.999999
MT,1999,-486000000.0,1593800000.0,11454900000.0,20812200000.0,8249500000.0
MT,2000,-484300000.0,1684800000.0,12223100000.0,21876700000.0,8453100000.0
MT,2001,-507100000.0,1657500000.0,12869600000.0,22847600000.0,8827600000.0
MT,2002,-321700000.0,1685100000.0,13569300000.0,23942100000.0,9009400000.0
MT,2003,-405600000.0,1790100000.0,14296600000.0,25714900000.0,10033800000.0
MT,2004,-342200000.0,1939500000.0,15179300000.0,28160500000.0,11383900000.0
MT,2005,-458800000.0,2080100000.0,16295400000.0,30875800000.0,12959000000.0
MT,2006,-357700000.0,2227300000.0,17591000000.0,33166100000.0,13705500000.0
MT,2007,-351700000.0,2401900000.0,18915700000.0,36233200000.0,15267300000.0
MT,2008,-403500000.0,2509700000.0,19576200000.0,37224900000.0,15542500000.0
MT,2009,-414500000.0,2508000000.0,19166500000.0,36187800000.0,14927800000.0
MT,2010,-429700000.0,2523000000.0,19652900000.0,38336100000.0,16589900000.000002
MT,2011,-443000000.0,2676200000.0,20628000000.0,40995100000.0,18133900000.0
MT,2012,-387500000.0,2756700000.0,21648500000.0,42340900000.0,18323300000.0
MT,2013,-431600000.0,2881500000.0,22274900000.0,43687900000.0,18963200000.0
MT,2014,-337900000.0,2979900000.0,23191800000.0,45177200000.0,19343400000.0
MT,2015,-293600000.0,2838400000.0,24221800000.0,46604100000.0,19837400000.0
MT,2016,-385000000.0,2874700000.0,24756400000.0,45490900000.0,18244800000.0
MT,2017,-498500000.0,3071800000.0,26017400000.0,48439500000.0,19848700000.0
MT,2018,-491900000.0,3383900000.0,27132900000.0,50903800000.0,20878800000.0
MT,2019,-487300000.0,3517600000.0,28179700000.0,51789300000.0,20579300000.0
MT,2020,-2508400000.0,3514600000.0,29262700000.0,51508800000.0,21239900000.0
NC,1997,-530500000.0,15088800000.0,126356700000.0,233934900000.0,93019900000.0
NC,1998,-561700000.0,15717100000.0,135943100000.0,246890400000.0,95791900000.0
NC,1999,-757300000.0,16554000000.0,145573100000.0,265375700000.0,104006000000.0
NC,2000,-894900000.0,17609300000.0,155621000000.0,278008500000.0,105673200000.0
NC,2001,-1007000000.0,17353700000.0,160357600000.0,288069500000.0,111365100000.0
NC,2002,-883400000.0,18631400000.0,162929900000.0,297846400000.0,117168600000.0
NC,2003,-1003400000.0,19952800000.0,168300700000.0,310388900000.0,123138700000.0
NC,2004,-876300000.0,21156300000.0,178461000000.0,329878900000.0,131137900000.0
NC,2005,-1851500000.0,23265400000.0,188830100000.0,355469700000.0,145225700000.0
NC,2006,-1399900000.0,25151100000.0,201938300000.0,387525000000.0,161835400000.0
NC,2007,-1245600000.0,24822000000.0,214560700000.0,401490900000.0,163353900000.0
NC,2008,-1217700000.0,25073300000.0,219325400000.0,418793400000.0,175612400000.0
NC,2009,-1386800000.0,29574200000.0,211313400000.0,411155800000.0,171655100000.0
NC,2010,-1362900000.0,30056800000.0,216396700000.0,420027600000.0,174937000000.0
NC,2011,-1492200000.0,30107400000.0,222349300000.0,431722700000.0,180758200000.0
NC,2012,-1530900000.0,30698000000.0,232251700000.0,445095300000.0,183676500000.0
NC,2013,-1506100000.0,31110100000.0,237816200000.0,462268900000.0,194848700000.0
NC,2014,-1439400000.0,32854600000.0,250748000000.0,483191300000.0,201028000000.0
NC,2015,-1188800000.0,32697800000.0,263271400000.00003,508928700000.0,214148300000.0
NC,2016,-1312800000.0,34020300000.000004,271708800000.0,526029800000.00006,221613500000.0
NC,2017,-1292700000.0,34878500000.0,284236400000.0,549670600000.0,231848400000.0
NC,2018,-1241900000.0,36253700000.0,300056900000.0,569981700000.0,234913000000.0
NC,2019,-1546400000.0,37124200000.0,315655400000.0,595655400000.0,244422200000.0
NC,2020,-18408800000.0,37186600000.0,324086200000.0,589829000000.0,246965100000.0
ND,1997,-398200000.0,1451100000.0,8802200000.0,15760800000.0,5905700000.0
ND,1998,-608100000.0,1476100000.0,9277700000.0,16816599999.999998,6670900000.0
ND,1999,-947300000.0,1528000000.0,9656900000.0,17067200000.0,6829700000.0
ND,2000,-1121100000.0,1610100000.0,10195000000.0,18100100000.0,7416100000.0
ND,2001,-989000000.0,1561700000.0,10802200000.0,18889100000.0,7514200000.0
ND,2002,-492500000.0,1595900000.0,11244000000.0,20194700000.0,7847300000.0
ND,2003,-742400000.0,1772000000.0,11851100000.0,22061100000.0,9180400000.0
ND,2004,-601000000.0,1888000000.0,12699800000.0,23259000000.0,9272100000.0
ND,2005,-939400000.0,2033100000.0,13363400000.0,24700000000.0,10242900000.0
ND,2006,-631300000.0,2063500000.0,14278500000.0,26500700000.0,10789900000.0
ND,2007,-639900000.0,2128800000.0000002,15254700000.0,29075400000.0,12331800000.0
ND,2008,-953100000.0,2326300000.0,16463900000.000002,31874400000.0,14037400000.0
ND,2009,-824800000.0,2338800000.0,16940700000.0,32226000000.0,13771400000.0
ND,2010,-1067800000.0,2503500000.0,18296500000.0,35676200000.0,15943900000.0
ND,2011,-880800000.0,3069900000.0,20899800000.0,41587700000.0,18498800000.0
ND,2012,-868700000.0,3647800000.0,24386900000.0,51832600000.0,24666500000.0
ND,2013,-1266300000.0,4026200000.0,26326500000.0,54271000000.0,25184600000.0
ND,2014,-941100000.0,4622200000.0,29162800000.0,59926300000.0,27082400000.0
ND,2015,-928500000.0,4728500000.0,28654000000.0,55996900000.0,23542900000.0
ND,2016,-1189600000.0,4485400000.0,26898900000.0,51989200000.0,21794600000.0
ND,2017,-1190200000.0,4819800000.0,27617200000.0,55228000000.0,23981200000.0
ND,2018,-1312300000.0,5085100000.0,28877300000.0,59092600000.0,26442500000.0
ND,2019,-1623300000.0,5315100000.0,30063500000.0,59004500000.0,25249200000.0
ND,2020,-3874900000.0,5432200000.0,29031100000.0,54854200000.0,24265900000.0
NE,1997,-510500000.0,3678400000.0,27299200000.0,49819200000.0,19352100000.0
NE,1998,-811900000.0,3629300000.0,29083800000.0,51822100000.0,19920900000.0
NE,1999,-1340800000.0,3700300000.0,30863100000.0,53685200000.0,20462700000.0
NE,2000,-1344300000.0,3817700000.0,32759900000.0,56527500000.0,21294200000.0
NE,2001,-1358500000.0,4080500000.0,34290400000.0,59607200000.0,22594800000.0
NE,2002,-666000000.0,4245600000.0000005,35648100000.0,61417300000.0,22189800000.0
NE,2003,-852400000.0,4759600000.0,37116400000.0,66402100000.00001,25378400000.0
NE,2004,-867300000.0,5130200000.0,38898800000.0,70469200000.0,27307500000.0
NE,2005,-1485600000.0,5482100000.0,40559200000.0,74564500000.0,30008800000.0
NE,2006,-959800000.0,5488300000.0,42662300000.0,78813800000.0,31623100000.0
NE,2007,-725200000.0,5736100000.0,44915700000.0,83834800000.0,33908100000.0
NE,2008,-838300000.0,5891100000.0,46580500000.0,85628000000.0,33994699999.999996
NE,2009,-805600000.0,5727100000.0,46210100000.0,86870400000.0,35738800000.0
NE,2010,-757900000.0,6038900000.0,46521300000.0,91561500000.0,39759200000.0
NE,2011,-829200000.0,6290500000.0,47836900000.0,99921100000.0,46622900000.0
NE,2012,-845100000.0,6374100000.0,50504900000.0,102725900000.0,46691900000.0
NE,2013,-1039099999.9999999,6787700000.0,51623300000.0,107260700000.0,49888800000.0
NE,2014,-1052400000.0000001,7374100000.0,54193100000.0,111945900000.0,51431100000.0
NE,2015,-1095400000.0,7593500000.0,56727600000.0,116514600000.0,53288900000.0
NE,2016,-1167600000.0,7755100000.0,58112100000.0,118145900000.0,53446300000.0
NE,2017,-1129700000.0,7960200000.0,60512800000.0,121946300000.0,54602900000.0
NE,2018,-1053599999.9999999,8319400000.0,63278000000.0,126922700000.0,56378800000.0
NE,2019,-1499000000.0,8609900000.0,65580700000.0,131352400000.0,58660800000.0
NE,2020,-6033800000.0,8933600000.0,67152000000.0,133439000000.0,63387300000.0
NH,1997,-74900000.0,2731100000.0,20230700000.0,38206600000.0,15319700000.0
NH,1998,-73100000.0,2824900000.0,22064300000.0,40554000000.0,15737800000.0
NH,1999,-84600000.0,3076500000.0,23462700000.0,41955200000.0,15500600000.0
NH,2000,-83800000.0,3198900000.0,26008400000.0,45342000000.0,16218500000.0
NH,2001,-99100000.0,3270800000.0,27051600000.0,46817500000.0,16594099999.999998
NH,2002,-112200000.0,3455500000.0,27529000000.0,49059900000.0,18187500000.0
NH,2003,-136800000.0,3830600000.0,28658700000.0,51637600000.0,19285200000.0
NH,2004,-146500000.0,4068700000.0,30504800000.0,54918200000.0,20491200000.0
NH,2005,-167800000.0,4209500000.0,31938500000.0,56952600000.0,20972400000.0
NH,2006,-142400000.0,4281100000.0000005,33656600000.0,60017000000.0,22221700000.0
NH,2007,-131699999.99999999,4334200000.0,34975200000.0,61782100000.0,22604500000.0
NH,2008,-132100000.0,4310400000.0,35836000000.0,61700200000.0,21686000000.0
NH,2009,-169100000.0,4477300000.0,35081300000.0,62522900000.0,23133300000.0
NH,2010,-174000000.0,4428000000.0,35657900000.0,64843600000.0,24931600000.0
NH,2011,-197600000.0,4633600000.0,36919300000.0,66153200000.0,24797900000.0
NH,2012,-179500000.0,4818400000.0,37640800000.0,68498100000.00001,26218400000.0
NH,2013,-173400000.0,5085400000.0,38755300000.0,70476200000.0,26808900000.0
NH,2014,-165400000.0,5482500000.0,40747500000.0,72995200000.0,26930600000.0
NH,2015,-159200000.0,5780300000.0,42398100000.0,76478000000.0,28458800000.0
NH,2016,-164900000.0,6015600000.0,43812100000.0,79090100000.0,29427200000.0
NH,2017,-162600000.0,6414500000.0,45494300000.0,80665900000.0,28919600000.0
NH,2018,-157200000.0,6666800000.0,47409400000.0,83844000000.0,29925100000.0
NH,2019,-159500000.0,6974000000.0,49361800000.0,87507600000.0,31331300000.0
NH,2020,-3019600000.0,7101700000.0,50847500000.0,87621000000.0,32691400000.0
NJ,1997,-1128800000.0,26287200000.0,169602200000.0,307817100000.0,113056400000.0
NJ,1998,-1042800000.0,28200500000.0,182590300000.0,319861300000.0,110113300000.0
NJ,1999,-1104200000.0,28987400000.0,191651100000.0,336064900000.0,116530600000.0
NJ,2000,-1062099999.9999999,29492800000.0,209723100000.0,361005400000.0,122851600000.0
NJ,2001,-1215200000.0,30340500000.0,214258700000.0,373698000000.0,130313900000.0
NJ,2002,-1209100000.0,31596100000.0,219875200000.0,386132500000.0,135870299999.99998
NJ,2003,-1368700000.0,33822400000.0,226678000000.0,400984700000.0,141852900000.0
NJ,2004,-1385300000.0,36081800000.0,237220400000.0,414848600000.0,142931700000.0
NJ,2005,-1557400000.0,38037700000.0,247666200000.0,435736700000.0,151590200000.0
NJ,2006,-1393200000.0,40761500000.0,258040900000.0,457593100000.0,160183900000.0
NJ,2007,-1302800000.0,42761200000.0,268815099999.99997,474867900000.0,164594400000.0
NJ,2008,-1407600000.0,42535500000.0,273764599999.99997,496227200000.0,181334700000.0
NJ,2009,-1641300000.0,41355700000.0,265307300000.0,482458900000.0,177437200000.0
NJ,2010,-1569500000.0,42557100000.0,267828000000.0,492762400000.0,183946800000.0
NJ,2011,-1776100000.0,44551200000.0,272747200000.0,495965800000.0,180443500000.0
NJ,2012,-1656300000.0,45447400000.0,281033200000.0,517195900000.0,192371500000.0
NJ,2013,-1638500000.0,47879900000.0,289211300000.0,534177800000.00006,198725000000.0
NJ,2014,-1648600000.0,50138200000.0,297584200000.0,542842800000.00006,196769000000.0
NJ,2015,-1594600000.0,50622200000.0,308589600000.0,563233800000.0,205616700000.0
NJ,2016,-1745100000.0,51019300000.0,314087300000.0,575501000000.0,212139500000.0
NJ,2017,-1633000000.0,53085100000.0,323735100000.0,586374600000.0,211187400000.0
NJ,2018,-1634400000.0,57037600000.0,336926500000.0,613508700000.0,221178900000.0
NJ,2019,-1689200000.0,62135600000.0,349868800000.0,639436700000.0,229121600000.0
NJ,2020,-26540700000.0,62268200000.0,350632000000.0,618579300000.0,232219800000.0
NM,1997,-126000000.0,3678000000.0,23002300000.0,52475600000.0,25921200000.0
NM,1998,-144200000.0,3669800000.0,24255700000.0,50658700000.0,22877400000.0
NM,1999,-181900000.0,3855800000.0,25051500000.0,53017300000.0,24291900000.0
NM,2000,-166100000.0,3998700000.0,26791200000.0,55105000000.0,24481300000.0
NM,2001,-200000000.0,3987700000.0,28479800000.0,55789700000.0,23522200000.0
NM,2002,-167900000.0,3953400000.0,29988600000.0,57808300000.0,24034100000.0
NM,2003,-201900000.0,4109100000.0000005,31589300000.0,62651100000.0,27154600000.0
NM,2004,-192000000.0,4637800000.0,33613699999.999996,69956600000.0,31897200000.0
NM,2005,-274000000.0,4687100000.0,35841700000.0,73911400000.0,33656600000.0
NM,2006,-223100000.0,5441600000.0,38228000000.0,77610400000.0,34163900000.0
NM,2007,-199000000.0,5876800000.0,40330200000.0,80799800000.0,34791800000.0
NM,2008,-211700000.0,6201000000.0,42132800000.0,84688400000.0,36566200000.0
NM,2009,-265200000.0,5639600000.0,41313600000.0,82461500000.0,35773500000.0
NM,2010,-264700000.0,5518000000.0,41978800000.0,84611500000.0,37379400000.0
NM,2011,-288200000.0,5588400000.0,42979600000.0,87062800000.0,38783000000.0
NM,2012,-280000000.0,6037200000.0,44139300000.0,87925200000.0,38028700000.0
NM,2013,-301800000.0,6275000000.0,44498900000.0,88756900000.0,38284700000.0
NM,2014,-373400000.0,7068700000.0,45743400000.0,92185700000.0,39747000000.0
NM,2015,-244500000.0,6702200000.0,46988200000.0,90274300000.0,36828400000.0
NM,2016,-269500000.0,6574900000.0,47420100000.0,89769400000.0,36043900000.0
NM,2017,-272800000.0,7051300000.0,48581000000.0,92311100000.0,36951600000.0
NM,2018,-291100000.0,8205000000.0,50937700000.0,97269200000.0,38417600000.0
NM,2019,-319700000.0,8586600000.0,53436300000.0,101971500000.0,40268300000.0
NM,2020,-3412500000.0,8451100000.0,53393500000.0,98472100000.0,40040000000.0
NV,1997,-156100000.0,4973900000.0,32832800000.000004,60259100000.0,22608500000.0
NV,1998,-156600000.0,5308700000.0,36103200000.0,65114200000.0,23858900000.0
NV,1999,-164300000.0,5820000000.0,39629900000.0,71595900000.0,26310400000.0
NV,2000,-164500000.0,6266500000.0,42526100000.0,76833100000.0,28205000000.0
NV,2001,-304200000.0,6527000000.0,45081800000.0,80429200000.0,29124600000.0
NV,2002,-212300000.0,6887100000.0,46509500000.0,85008700000.0,31824500000.0
NV,2003,-296500000.0,7041300000.0,49971100000.0,90633600000.0,33917699999.999996
NV,2004,-250600000.0,8779100000.0,55558500000.0,103231000000.0,39143900000.0
NV,2005,-302800000.0,10324900000.0,61302900000.0,116166200000.0,44841200000.0
NV,2006,-261200000.0,10707100000.0,65874899999.99999,125848300000.0,49527600000.0
NV,2007,-267200000.0,11194000000.0,69827700000.0,131620900000.0,50866500000.0
NV,2008,-284700000.0,11304600000.0,69907300000.0,130609500000.0,49682400000.0
NV,2009,-324600000.0,10595000000.0,64368500000.0,122127100000.0,47488100000.0
NV,2010,-273000000.0,10971600000.0,63272300000.0,124669400000.0,50698500000.0
NV,2011,-304600000.0,11444100000.0,63760100000.0,127677900000.0,52778300000.0
NV,2012,-274300000.0,11150600000.0,65861000000.0,129312900000.0,52575600000.0
NV,2013,-279900000.0,11963000000.0,67692700000.0,132086400000.0,52710700000.0
NV,2014,-341500000.0,12287800000.0,72262200000.0,136008700000.00002,51800200000.0
NV,2015,-345000000.0,12884500000.0,76468800000.0,145115900000.0,56107600000.0
NV,2016,-349100000.0,14491200000.0,80383300000.0,151840400000.0,57315100000.0
NV,2017,-329300000.0,14859200000.0,84384800000.0,160785000000.0,61870200000.0
NV,2018,-349100000.0,16677200000.0,89476400000.0,170352900000.0,64548300000.0
NV,2019,-385200000.0,16924599999.999998,94531200000.0,181743300000.0,70672700000.0
NV,2020,-6409900000.0,16881500000.0,91788900000.0,170943800000.0,68683300000.0
NY,1997,-4786700000.0,53171800000.0,384483000000.0,718814300000.0,285946200000.0
NY,1998,-4178600000.0000005,53809200000.0,413587100000.0,745502400000.0,282284700000.0
NY,1999,-3956400000.0,55811900000.0,437850000000.0,795230000000.0,305524500000.0
NY,2000,-3887400000.0,56854400000.0,478847400000.0,841181300000.0,309367000000.0
NY,2001,-4164800000.0,58389900000.0,490636800000.0,878346500000.0,333484500000.0
NY,2002,-4523900000.0,60411400000.0,484107700000.0,890258100000.0,350262900000.0
NY,2003,-4832200000.0,66531399999.99999,495942000000.0,912474600000.0,354833500000.0
NY,2004,-4883800000.0,73418200000.0,526453500000.0,967151900000.0,372164000000.0
NY,2005,-5229300000.0,81487600000.0,552341800000.0,1016037500000.0,387437400000.0
NY,2006,-4948100000.0,85621800000.0,591588900000.0,1075154600000.0001,402892000000.0
NY,2007,-4722400000.0,88314900000.0,639525000000.0,1119381500000.0,396264000000.0
NY,2008,-5077800000.0,86221800000.0,655797900000.0,1116591000000.0,379649200000.0
NY,2009,-5861900000.0,86823100000.0,618793000000.0,1160081300000.0,460327200000.0
NY,2010,-5833400000.0,95927600000.0,644162300000.0,1223529700000.0,489273100000.0
NY,2011,-6402900000.0,99310400000.0,665960600000.0,1247605800000.0,488737600000.0
NY,2012,-6254800000.0,103318100000.0,686389100000.0,1328233500000.0,544781100000.0
NY,2013,-6275800000.0,109157800000.0,706111500000.0,1365529000000.0,556535500000.0
NY,2014,-6305900000.0,114063800000.0,743634200000.0,1430923300000.0,579531300000.0
NY,2015,-6435000000.0,118228800000.0,775746000000.0,1487627600000.0,600087900000.0
NY,2016,-6824000000.0,120552200000.0,789376600000.0,1551354100000.0,648249300000.0
NY,2017,-6610600000.0,122215700000.0,832280600000.0,1603903400000.0,656017600000.0
NY,2018,-6975300000.0,128697900000.0,874303500000.0,1694957900000.0,698931800000.0
NY,2019,-7155500000.0,133155200000.00002,911300500000.0,1777751800000.0,740451600000.0
NY,2020,-64016900000.0,135529600000.0,900256600000.0,1724759100000.0,752989800000.0
OH,1997,-896500000.0,22408600000.0,196108700000.0,343430300000.0,125809500000.0
OH,1998,-989600000.0,23269600000.0,207545900000.0,361638100000.0,131812200000.00002
OH,1999,-1346100000.0,24106500000.0,218259000000.0,376465200000.0,135445799999.99998
OH,2000,-1338200000.0,25212900000.0,228255500000.0,392277200000.0,140147000000.0
OH,2001,-1543800000.0,25396600000.0,232948600000.0,396944500000.0,140143100000.0
OH,2002,-1172800000.0,26546400000.0,236366800000.0,411034500000.0,149294200000.0
OH,2003,-1412800000.0,27572800000.0,243779700000.0,423780200000.0,153840300000.0
OH,2004,-1374000000.0,29047200000.0,254188500000.0,446225300000.0,164363600000.0
OH,2005,-1751400000.0,31393300000.0,261403000000.0,468891600000.0,177846600000.0
OH,2006,-1527300000.0,31725900000.0,271984800000.0,482738100000.0,180554700000.0
OH,2007,-1343300000.0,34296400000.0,279928000000.0,497761500000.0,184880400000.0
OH,2008,-1361200000.0,34004800000.000004,282468500000.0,496919400000.0,181807200000.0
OH,2009,-1669300000.0,33004100000.0,268456300000.0,482281100000.0,182490000000.0
OH,2010,-1667700000.0,33437300000.000004,273353599999.99997,500515300000.0,195392100000.0
OH,2011,-1852900000.0,34374200000.0,284931900000.0,528189900000.0,210736800000.0
OH,2012,-1768300000.0,35256200000.0,296610000000.0,545740100000.0,215642300000.0
OH,2013,-1748200000.0,37603100000.0,306358400000.0,566532400000.0,224319100000.0
OH,2014,-1575800000.0,40439200000.0,318204200000.0,595640900000.0,238573300000.0
OH,2015,-1654000000.0,41290100000.0,329830700000.0,611019500000.0,241552700000.0
OH,2016,-1819400000.0,42065800000.0,336967900000.0,623265300000.0,246051000000.0
OH,2017,-1621100000.0,44046700000.0,349158500000.0,641745800000.0,250161700000.0
OH,2018,-1710500000.0,44812500000.0,361484000000.0,666973900000.0,262387900000.00003
OH,2019,-2029800000.0,46431200000.0,374158900000.0,693199300000.0,274639000000.0
OH,2020,-26364300000.0,47125200000.0,375586500000.0,677561200000.0,281213900000.0
OK,1997,-312500000.0,5556200000.0,43635000000.0,79044400000.0,30165600000.0
OK,1998,-391700000.0,5615700000.0,46522000000.0,81196900000.0,29450900000.0
OK,1999,-605500000.0,5796500000.0,48396900000.0,84223900000.0,30636000000.0
OK,2000,-530000000.0,6395500000.0,51943600000.0,91093900000.0,33284699999.999996
OK,2001,-538900000.0,6451900000.0,54857900000.0,97059600000.0,36288700000.0
OK,2002,-458600000.0,6461400000.0,55921500000.0,99479200000.0,37554900000.0
OK,2003,-511700000.0,6816100000.0,57533300000.0,105713500000.0,41875800000.0
OK,2004,-379500000.0,7391900000.0,60659900000.0,113873800000.0,46201600000.0
OK,2005,-512799999.99999994,7938800000.0,64103400000.0,125081600000.0,53552300000.0
OK,2006,-442300000.0,8739100000.0,69916400000.0,137436500000.0,59223300000.0
OK,2007,-457100000.0,9112300000.0,73548700000.0,145752100000.0,63548200000.0
OK,2008,-503200000.0,9422900000.0,77534900000.0,160763700000.0,74309100000.0
OK,2009,-534200000.00000006,9505500000.0,75579500000.0,146633000000.0,62082300000.0
OK,2010,-561600000.0,10038600000.0,77859900000.0,154287400000.0,66950500000.0
OK,2011,-645400000.0,10499900000.0,82376300000.0,166235800000.0,74005000000.0
OK,2012,-654400000.0,11537200000.0,86871100000.0,174874400000.0,77120500000.0
OK,2013,-734100000.0,11858200000.0,90071400000.0,182694700000.0,81499200000.0
OK,2014,-1218300000.0,12296600000.0,94041000000.0,196631600000.0,91512300000.0
OK,2015,-826800000.0,12103900000.0,95857200000.0,186815600000.0,79681400000.0
OK,2016,-658700000.0,11721500000.0,94115100000.0,181244400000.0,76066500000.0
OK,2017,-631800000.0,12216900000.0,97087800000.0,190674500000.0,82001600000.0
OK,2018,-691300000.0,13067900000.0,102502600000.0,202466600000.0,87587400000.0
OK,2019,-804900000.0,13202400000.0,106294800000.0,203699700000.0,85007500000.0
OK,2020,-7337400000.0,13130800000.0,105431500000.0,188056600000.0,76831700000.0
OR,1997,-394900000.0,5110400000.0,56134900000.0,100914800000.0,40064300000.0
OR,1998,-409800000.0,5082200000.0,59510400000.0,105146800000.0,40963900000.0
OR,1999,-447200000.0,5099500000.0,62968600000.0,107621500000.0,40000500000.0
OR,2000,-461200000.0,5613500000.0,68653100000.00001,117154600000.0,43349100000.0
OR,2001,-490300000.0,5803700000.0,70017900000.0,116963600000.0,41632300000.0
OR,2002,-459500000.0,5967100000.0,70412300000.0,120665500000.0,44745600000.0
OR,2003,-525500000.0,6132000000.0,72567000000.0,126671500000.0,48498100000.0
OR,2004,-480100000.0,6516800000.0,76667500000.0,135646799999.99998,52942500000.0
OR,2005,-588400000.0,6927500000.0,81183800000.0,143507800000.0,55985000000.0
OR,2006,-546800000.0,7274300000.0,87053900000.0,153593100000.0,59811700000.0
OR,2007,-525799999.99999994,7676300000.0,91582900000.0,159585200000.0,60851800000.0
OR,2008,-546500000.0,7829900000.0,92977000000.0,164925400000.0,64665000000.0
OR,2009,-633700000.0,7783000000.0,88733400000.0,159607300000.0,63724500000.0
OR,2010,-654000000.0,8437100000.0,89680700000.0,164137200000.0,66673399999.99999
OR,2011,-666500000.0,8657300000.0,93015900000.0,170630900000.0,69624200000.0
OR,2012,-637000000.0,9196800000.0,97744700000.0,174611000000.0,68306500000.0
OR,2013,-644800000.0,9585800000.0,101161500000.0,179527700000.0,69425200000.0
OR,2014,-632600000.0,10163500000.0,106288300000.0,188120700000.0,72301500000.0
OR,2015,-656800000.0,10553300000.0,113423200000.0,200659600000.0,77339800000.0
OR,2016,-702900000.0,11255800000.0,119034700000.0,211305900000.0,81718300000.0
OR,2017,-686400000.0,11706800000.0,126190600000.0,222613800000.0,85402700000.0
OR,2018,-709800000.0,12530100000.0,133841299999.99998,237066000000.0,91404400000.0
OR,2019,-763700000.0,13135900000.0,140328400000.0,246647100000.0,93946400000.0
OR,2020,-9611400000.0,13187100000.0,143434400000.0,243776800000.0,96766800000.0
PA,1997,-1230500000.0,24088200000.0,203876800000.0,356988000000.0,130253500000.0
PA,1998,-1131300000.0,25199400000.0,216198000000.0,373748500000.0,133482299999.99998
PA,1999,-1211000000.0,26396400000.0,227873500000.0,390916800000.0,137857900000.0
PA,2000,-1233700000.0,27205200000.0,242135300000.0,409159900000.0,141053200000.0
PA,2001,-1367500000.0,28089800000.0,251969400000.0,427108600000.0,148417000000.0
PA,2002,-1421700000.0,28979800000.0,257461600000.0,440971700000.0,155952000000.0
PA,2003,-1651200000.0,30987700000.0,265560099999.99997,460270600000.0,165374000000.0
PA,2004,-1596400000.0,33765000000.0,279045600000.0,487306100000.0,176091900000.0
PA,2005,-1828500000.0,37418200000.0,290578800000.0,511731400000.0,185562900000.0
PA,2006,-1716100000.0,38874700000.0,305944400000.0,531274100000.0,188171100000.0
PA,2007,-1564500000.0,41011800000.0,320449700000.0,565831800000.0,205934800000.0
PA,2008,-1595900000.0,39501400000.0,328393000000.0,588024600000.0,221726100000.0
PA,2009,-1995100000.0,38417100000.0,321399500000.0,582144800000.0,224323300000.0
PA,2010,-1961200000.0,39455500000.0,329319600000.0,604736800000.0,237923000000.0
PA,2011,-2228500000.0,41551300000.0,341988600000.0,624819700000.0,243508300000.0
PA,2012,-2061699999.9999998,43044300000.0,351463100000.0,647925900000.0,255480300000.0
PA,2013,-2042700000.0,44495300000.0,361389200000.0,668569100000.0,264727200000.0
PA,2014,-1944800000.0,45608500000.0,372516100000.0,694142600000.0,277962900000.0
PA,2015,-1878100000.0,47489900000.0,387904100000.0,714202900000.0,280687000000.0
PA,2016,-1965800000.0,48269900000.0,393042900000.0,726561900000.0,287215000000.0
PA,2017,-1974700000.0,50027200000.0,407955100000.0,745011300000.0,289003700000.0
PA,2018,-2035100000.0,53080200000.0,425123200000.0,772611400000.0,296443100000.0
PA,2019,-2104199999.9999998,55293800000.0,442418800000.0,799686200000.0,304077900000.0
PA,2020,-29411100000.0,55967300000.0,439908400000.0,771897900000.0,305433300000.0
RI,1997,-99800000.0,2425300000.0,16428099999.999998,28928800000.0,10175200000.0
RI,1998,-90000000.0,2479400000.0,17496400000.0,30818500000.0,10932700000.0
RI,1999,-98400000.0,2581200000.0,18428800000.0,32267200000.0,11355700000.0
RI,2000,-96800000.0,2774600000.0,19782300000.0,34466800000.0,12006700000.0
RI,2001,-115100000.0,2889300000.0,20642900000.0,35862800000.0,12445800000.0
RI,2002,-117700000.0,3015000000.0,21615200000.0,37809200000.0,13296800000.0
RI,2003,-134300000.0,3283200000.0,22878300000.0,39638000000.0,13610700000.0
RI,2004,-138100000.0,3515900000.0,23947000000.0,42363900000.0,15039100000.0
RI,2005,-169300000.0,3710300000.0,24809600000.0,44374100000.0,16023500000.0
RI,2006,-160800000.0,3791100000.0,26111200000.0,47204400000.0,17462900000.0
RI,2007,-153400000.0,3782700000.0,26870500000.0,47340800000.0,16841000000.0
RI,2008,-159800000.0,3817400000.0,27202500000.0,47277500000.0,16417400000.000002
RI,2009,-193100000.0,3909000000.0,26181700000.0,47702200000.0,17804600000.0
RI,2010,-194200000.0,3994800000.0,27214900000.0,49468300000.0,18452900000.0
RI,2011,-207200000.0,4147899999.9999995,27573200000.0,50206100000.0,18692300000.0
RI,2012,-181600000.0,4271800000.0,28261100000.0,51583000000.0,19231700000.0
RI,2013,-181200000.0,4443300000.0,29133800000.0,53034100000.0,19638200000.0
RI,2014,-179400000.0,4597400000.0,30463200000.0,54559700000.0,19678500000.0
RI,2015,-175400000.0,4735100000.0,31696800000.0,56390800000.0,20134300000.0
RI,2016,-189600000.0,4852400000.0,32456200000.0,57353500000.0,20234500000.0
RI,2017,-171200000.0,4889000000.0,33696500000.0,57940800000.0,19526500000.0
RI,2018,-169800000.0,5069400000.0,34638600000.0,59129000000.0,19590800000.0
RI,2019,-169300000.0,5359400000.0,35708400000.0,61319100000.0,20420600000.0
RI,2020,-2555200000.0,5501300000.0,35889200000.0,60556300000.0,21721000000.0
SC,1997,-221600000.0,6878700000.0,55458400000.0,97425000000.0,35309500000.0
SC,1998,-241800000.0,7404200000.0,59612800000.0,103456300000.0,36681100000.0
SC,1999,-320800000.0,7887600000.0,63373000000.0,110241700000.0,39301900000.0
SC,2000,-334300000.0,8238700000.000001,67173399999.99999,115320600000.0,40242700000.0
SC,2001,-350000000.0,8507400000.0,69017500000.0,119478100000.0,42303200000.0
SC,2002,-308600000.0,8725200000.0,70735600000.0,124863900000.0,45711700000.0
SC,2003,-391400000.0,9539100000.0,73863800000.0,131566500000.0,48555000000.0
SC,2004,-358000000.0,10523100000.0,77612200000.0,136982000000.0,49204700000.0
SC,2005,-574900000.0,11267600000.0,81710100000.0,145403600000.0,53000900000.0
SC,2006,-489000000.0,11910900000.0,86982800000.0,153647700000.0,55242900000.0
SC,2007,-464100000.0,12291400000.0,91811000000.0,162746300000.0,59108100000.0
SC,2008,-442300000.0,11801500000.0,94351500000.0,163886200000.0,58175500000.0
SC,2009,-542200000.0,11499400000.0,90405400000.0,161813500000.0,60450900000.0
SC,2010,-511300000.0,11930700000.0,91620900000.0,165860000000.0,62819800000.0
SC,2011,-570500000.0,12515000000.0,95523300000.0,172075100000.0,64607300000.0
SC,2012,-532500000.0,13082800000.0,98400200000.0,177618100000.0,66667600000.00001
SC,2013,-522100000.0,13766300000.0,102076900000.0,185009100000.0,69688000000.0
SC,2014,-507000000.0,14752000000.0,107269500000.0,194352700000.0,72838100000.0
SC,2015,-466200000.0,15056000000.0,112918200000.0,205816700000.0,78308600000.0
SC,2016,-524600000.0,15507700000.0,117171700000.0,215120200000.0,82965400000.0
SC,2017,-515100000.0,15926700000.0,123165700000.0,223044900000.0,84467500000.0
SC,2018,-499500000.0,17754300000.0,129117900000.0,233665300000.0,87292600000.0
SC,2019,-590400000.0,18822600000.0,135541900000.0,244662300000.0,90888100000.0
SC,2020,-7858600000.0,18896400000.0,136625299999.99998,244881700000.0,97218700000.0
SD,1997,-295400000.0,1631000000.0,9615100000.0,19031400000.0,8080700000.0
SD,1998,-438000000.0,1700300000.0,10281700000.0,20228100000.0,8684200000.0
SD,1999,-749300000.0,1803800000.0,11029200000.0,21078700000.0,8995000000.0
SD,2000,-760600000.0,1874500000.0,11778500000.0,22743300000.0,9851000000.0
SD,2001,-755000000.0,1857100000.0,12186900000.0,23412100000.0,10123100000.0
SD,2002,-415000000.0,1928600000.0,12695900000.0,26322100000.0,12112700000.0
SD,2003,-614800000.0,2021700000.0,13273600000.0,27216100000.0,12535600000.0
SD,2004,-511100000.0,2142699999.9999998,14025000000.0,29271300000.0,13614700000.0
SD,2005,-883800000.0,2311300000.0,14694700000.0,30997400000.0,14875200000.0
SD,2006,-542100000.0,2400100000.0,15388200000.0,32364500000.0,15118300000.0
SD,2007,-528799999.99999994,2534500000.0,16460400000.000002,35073000000.0,16606900000.000002
SD,2008,-697800000.0,2575900000.0,17321300000.0,36603000000.0,17403600000.0
SD,2009,-623800000.0,2628100000.0,17206900000.0,36432900000.0,17221800000.0
SD,2010,-711200000.0,2703100000.0,17834000000.0,37852500000.0,18026600000.0
SD,2011,-727200000.0,2900100000.0,18677300000.0,41892100000.0,21041900000.0
SD,2012,-811900000.0,2991900000.0,19489300000.0,43901500000.0,22232100000.0
SD,2013,-895200000.0,3199300000.0,19960200000.0,45361000000.0,23096800000.0
SD,2014,-1022600000.0,3421800000.0,21155800000.0,46785400000.0,23230300000.0
SD,2015,-908500000.0,3547000000.0,21973100000.0,48070200000.0,23458600000.0
SD,2016,-1003300000.0,3608000000.0,22706200000.0,49151400000.0,23840500000.0
SD,2017,-1029300000.0,3985700000.0,23681700000.0,50299400000.0,23661200000.0
SD,2018,-1194700000.0,4104899999.9999995,24738800000.0,52404300000.0,24755200000.0
SD,2019,-1391400000.0,4179500000.0,25844400000.0,53939900000.0,25307300000.0
SD,2020,-3611900000.0,4227800000.0,26965100000.0,54789400000.0,27208400000.0
TN,1997,-373600000.0,11364400000.0,86590200000.0,154382100000.0,56801100000.0
TN,1998,-405100000.0,11727300000.0,92075900000.0,167394600000.0,63996500000.0
TN,1999,-511600000.0,12456300000.0,97527600000.0,176281900000.0,66809700000.0
TN,2000,-576400000.0,13198300000.0,102809700000.0,182247200000.0,66815600000.00001
TN,2001,-720000000.0,13387800000.0,105054100000.0,186441300000.0,68719399999.99999
TN,2002,-542100000.0,14048500000.0,108215700000.0,195764300000.0,74042100000.0
TN,2003,-621800000.0,15177500000.0,112845300000.0,205126400000.0,77725300000.0
TN,2004,-557400000.0,16277400000.0,119725600000.0,219327900000.0,83882300000.0
TN,2005,-949100000.0,17499100000.0,124891800000.0,231633500000.0,90191700000.0
TN,2006,-738000000.0,18261300000.0,131117200000.00002,243583900000.0,94943300000.0
TN,2007,-736800000.0,19113300000.0,137306900000.0,248692400000.0,93009000000.0
TN,2008,-651200000.0,19183500000.0,139927000000.0,254242000000.0,95782700000.0
TN,2009,-857900000.0,17878600000.0,133172700000.00002,252332800000.0,102139400000.0
TN,2010,-753900000.0,18812000000.0,136247600000.0,257776000000.0,103470300000.0
TN,2011,-902000000.0,19920700000.0,141610600000.0,269814200000.0,109185000000.0
TN,2012,-855600000.0,20759200000.0,150566300000.0,286341500000.0,115871600000.0
TN,2013,-821300000.0,21215600000.0,153513000000.0,295862700000.0,121955500000.0
TN,2014,-773700000.0,21582000000.0,159281100000.0,306153100000.0,126063800000.0
TN,2015,-702000000.0,22717600000.0,167729500000.0,325294000000.0,135548900000.0
TN,2016,-761600000.0,23280200000.0,173853500000.0,336413900000.0,140041700000.0
TN,2017,-785000000.0,23850100000.0,181774700000.0,349837700000.0,144998000000.0
TN,2018,-761700000.0,24402700000.0,191354600000.0,361381500000.0,146385800000.0
TN,2019,-962400000.0,25573100000.0,199291700000.0,376916500000.0,153014100000.0
TN,2020,-14122800000.0,25809400000.0,203750800000.0,369574300000.0,154136800000.0
TX,1997,-1820300000.0,50087900000.0,316948800000.0,610157300000.0,244940900000.0
TX,1998,-2145600000.0,52570700000.0,348986900000.0,645142600000.0,245730400000.0
TX,1999,-3014000000.0,57483800000.0,371887300000.0,679870300000.0,253513200000.0
TX,2000,-2739000000.0,60861400000.0,405918700000.0,738677000000.0,274635900000.00003
TX,2001,-3556400000.0,62686700000.0,424108000000.0,773375500000.0,290137200000.0
TX,2002,-2488600000.0,66462500000.0,426501300000.0,789817600000.0,299342500000.0
TX,2003,-3244400000.0,69606800000.0,438077900000.0,833342300000.0,328901900000.0
TX,2004,-2570600000.0,73186200000.0,460522000000.0,913444400000.0,382306700000.0
TX,2005,-3667800000.0,79490400000.0,491630000000.0,995252400000.0,427799900000.0
TX,2006,-3240100000.0,85724800000.0,536102300000.00006,1103197600000.0,484610600000.0
TX,2007,-2959700000.0,93691500000.0,576985700000.0,1191093100000.0,523375500000.0
TX,2008,-2751800000.0,95438600000.0,604043800000.0,1244294900000.0,547564199999.99994
TX,2009,-3525700000.0,91892600000.0,590547400000.0,1169607700000.0,490693300000.0
TX,2010,-2988300000.0,94325300000.0,609315700000.0,1245959400000.0,545306600000.0
TX,2011,-3462700000.0,99491900000.0,642776900000.0,1341334400000.0,602528400000.0
TX,2012,-3389100000.0,106367200000.0,686360400000.0,1421180100000.0,631841600000.0
TX,2013,-3736700000.0,111096100000.0,717055400000.0,1515195600000.0,690780800000.0
TX,2014,-3755900000.0,119918400000.0,765541100000.0,1579299500000.0,697595800000.0
TX,2015,-3434400000.0,125610800000.0,800316600000.0,1573498400000.0,651005300000.0
TX,2016,-3597000000.0,127171100000.0,812228400000.0,1579014900000.0,643212400000.0
TX,2017,-3570100000.0,135886299999.99998,849678100000.0,1677110900000.0,695116600000.0
TX,2018,-3715500000.0,150929900000.0,901995100000.0,1809706400000.0,760496900000.0
TX,2019,-4596200000.0,155077500000.0,951996600000.0,1863953800000.0,761475900000.0
TX,2020,-59161700000.0,154137400000.0,955947000000.0,1775587800000.0,724665200000.0
UT,1997,-145500000.0,3592400000.0,32626000000.0,57684000000.0,21611100000.0
UT,1998,-151300000.0,4235800000.0,35033000000.0,62296100000.0,23178600000.0
UT,1999,-170900000.0,4389600000.0,37278700000.0,66019300000.0,24521900000.0
UT,2000,-169600000.0,4616600000.0,40131900000.0,70295900000.0,25717000000.0
UT,2001,-243500000.0,4864500000.0,41955600000.0,73057600000.0,26481100000.0
UT,2002,-207900000.0,4878000000.0,42813900000.0,75796900000.0,28312800000.0
UT,2003,-259600000.00000003,5172200000.0,44141100000.0,78945400000.0,29891600000.0
UT,2004,-225300000.0,5675700000.0,47417400000.0,86081900000.0,33214199999.999996
UT,2005,-277200000.0,6062500000.0,51023800000.0,95355100000.0,38546000000.0
UT,2006,-240900000.0,6479200000.0,56411000000.0,106537300000.0,43888000000.0
UT,2007,-237400000.0,6763200000.0,61237700000.0,114813400000.0,47050000000.0
UT,2008,-259600000.00000003,6771000000.0,63045000000.0,117178900000.0,47622600000.0
UT,2009,-317200000.0,6549800000.0,60966800000.0,113985400000.0,46786100000.0
UT,2010,-311700000.0,6559700000.0,61745100000.0,118669800000.0,50676700000.0
UT,2011,-347400000.0,7135000000.0,65045600000.0,125565000000.0,53731800000.0
UT,2012,-351700000.0,7710000000.0,68383000000.0,129512500000.0,53771300000.0
UT,2013,-341800000.0,7905200000.0,71964800000.0,135450400000.0,55922200000.0
UT,2014,-375600000.0,8196500000.0,75468600000.0,142150100000.0,58860600000.0
UT,2015,-346100000.0,8281500000.0,80246400000.0,149153400000.0,60971600000.0
UT,2016,-358800000.0,9013400000.0,84825000000.0,157827300000.0,64347700000.0
UT,2017,-375700000.0,10095300000.0,90032300000.0,168058400000.0,68306500000.0
UT,2018,-399300000.0,10593100000.0,96995800000.0,182643600000.0,75454000000.0
UT,2019,-413500000.0,10946300000.0,103542000000.0,195088400000.0,81013600000.0
UT,2020,-7142900000.0,11025900000.0,109719000000.0,197561900000.0,83960000000.0
VA,1997,-547000000.0,14068000000.0,125343100000.0,215101700000.0,76237600000.0
VA,1998,-543800000.0,14759200000.0,135293299999.99998,231384000000.0,81875300000.0
VA,1999,-635100000.0,15524400000.0,145642100000.0,249801100000.0,89269700000.0
VA,2000,-686900000.0,16537900000.000002,159207500000.0,268470900000.00003,93412400000.0
VA,2001,-810900000.0,17820900000.0,166906800000.0,285635900000.0,101719000000.0
VA,2002,-803400000.0,18847600000.0,170792100000.0,295355700000.0,106519400000.0
VA,2003,-932500000.0,20486400000.0,180792500000.0,311665700000.0,111319200000.0
VA,2004,-813000000.0,21364400000.0,195008100000.0,332115100000.0,116555600000.0
VA,2005,-1098600000.0,24039800000.0,207792000000.0,358069700000.0,127336600000.0
VA,2006,-990300000.0,24391700000.0,217626500000.0,376235700000.0,135207799999.99998
VA,2007,-920600000.0,25319600000.0,229262500000.0,391699800000.0,138038400000.0
VA,2008,-970700000.0,25367200000.0,235748200000.0,404634900000.0,144490200000.0
VA,2009,-1078400000.0,27643800000.0,236324700000.0,410967400000.0,148077300000.0
VA,2010,-1064200000.0,28036200000.0,241576300000.0,426992400000.0,158444100000.0
VA,2011,-1162700000.0,28075400000.0,247186500000.0,435180300000.0,161081100000.0
VA,2012,-1191500000.0,28521500000.0,254478800000.0,445973600000.0,164164900000.0
VA,2013,-1171900000.0,29512000000.0,259234500000.0,457640500000.0,170065900000.0
VA,2014,-1149900000.0,30097700000.0,265916200000.0,465181800000.0,170317800000.0
VA,2015,-1086000000.0,30623900000.0,277991700000.0,483786500000.0,176256900000.0
VA,2016,-1147400000.0,31741800000.0,284418500000.0,496021100000.0,181008200000.0
VA,2017,-1144700000.0,33125300000.000004,295674400000.0,509892800000.0,182237800000.0
VA,2018,-1129300000.0,35072600000.0,307153900000.0,531757100000.0,190659800000.0
VA,2019,-1204900000.0,37513400000.0,319622900000.0,554305800000.0,198374500000.0
VA,2020,-16972500000.0,37853000000.0,327867200000.0,549535800000.00006,200788100000.0
VT,1997,-43200000.0,1421900000.0,8866200000.0,15454700000.0,5209700000.0
VT,1998,-39300000.0,1463100000.0,9457900000.0,16080700000.0,5199000000.0
VT,1999,-49600000.0,1507300000.0,10113600000.0,17176900000.000002,5605600000.0
VT,2000,-64000000.0,1549400000.0,10907100000.0,18341100000.0,5948600000.0
VT,2001,-52100000.0,1600300000.0,11554900000.0,19323200000.0,6220200000.0
VT,2002,-81400000.0,1715600000.0,11934800000.0,20273000000.0,6704100000.0
VT,2003,-81300000.0,1909600000.0,12435900000.0,21293200000.0,7029100000.0
VT,2004,-77000000.0,2067400000.0,13135400000.0,22938200000.0,7812400000.0
VT,2005,-94800000.0,2295800000.0,13642600000.0,23608600000.0,7765000000.0
VT,2006,-90300000.0,2368000000.0,14091600000.0,24331500000.0,7962300000.0
VT,2007,-78600000.0,2484400000.0,14690800000.0,24797700000.0,7701100000.0
VT,2008,-75400000.0,2330900000.0,15240900000.0,25999300000.0,8502900000.0
VT,2009,-120100000.0,2421000000.0,14837500000.0,26099200000.0,8960700000.0
VT,2010,-99600000.0,2540300000.0,15087600000.0,27406600000.0,9878300000.0
VT,2011,-100600000.0,2593900000.0,15757900000.0,28418700000.0,10167500000.0
VT,2012,-99100000.0,2710000000.0,16212200000.0,29241300000.0,10418100000.0
VT,2013,-93400000.0,2824500000.0,16792300000.0,29289600000.0,9766100000.0
VT,2014,-89900000.0,2937800000.0,17110500000.0,30099400000.0,10141100000.0
VT,2015,-88700000.0,3051400000.0,17813300000.0,30933300000.0,10157200000.0
VT,2016,-94900000.0,3130300000.0,18170900000.0,31661200000.0,10455000000.0
VT,2017,-87200000.0,3243800000.0,18713500000.0,32246900000.0,10376800000.0
VT,2018,-93800000.0,3376200000.0,19329200000.0,33032699999.999996,10421000000.0
VT,2019,-96000000.0,3486100000.0,19884300000.0,34127500000.0,10853200000.0
VT,2020,-1548000000.0,3553900000.0,19845000000.0,33435000000.0,11584100000.0
WA,1997,-770000000.0,17829400000.0,104320100000.0,193825900000.0,72446400000.0
WA,1998,-825100000.0,18556800000.0,115293100000.0,209741100000.0,76716300000.0
WA,1999,-872800000.0,19649200000.0,125679100000.0,229797900000.0,85342400000.0
WA,2000,-933900000.0,20423900000.0,133456700000.00002,237378200000.0,84431500000.0
WA,2001,-1022400000.0,20760900000.0,134764400000.0,238418600000.0,83915800000.0
WA,2002,-916000000.0,21225400000.0,136103400000.0,245978500000.0,89565800000.0
WA,2003,-1059000000.0,22531100000.0,140477100000.0,255370200000.0,93420900000.0
WA,2004,-1018100000.0,24320600000.0,147795200000.0,268378300000.0,97280700000.0
WA,2005,-1153300000.0,26715300000.0,156207300000.0,293676000000.0,111906600000.0
WA,2006,-1028500000.0,28397400000.0,167498700000.0,314265200000.0,119397600000.0
WA,2007,-1031200000.0,29373200000.0,180867800000.0,342024200000.0,132814400000.0
WA,2008,-1100200000.0,29420000000.0,188007500000.0,354794100000.0,138466700000.0
WA,2009,-1343100000.0,27376400000.0,183382000000.0,351245000000.0,141829700000.0
WA,2010,-1366800000.0,28858300000.0,187194600000.0,365497800000.0,150811700000.0
WA,2011,-1412500000.0,30382800000.0,194176300000.0,379574900000.0,156428300000.0
WA,2012,-1335400000.0,31904100000.0,205219900000.0,400530600000.0,164742000000.0
WA,2013,-1340900000.0,33484500000.0,214523200000.0,419092400000.0,172425600000.0
WA,2014,-1286600000.0,35349300000.0,227269900000.0,440648000000.0,179315400000.0
WA,2015,-1352300000.0,37267200000.0,238566500000.0,466689700000.0,192208400000.0
WA,2016,-1511100000.0,39790800000.0,252798200000.0,487275100000.0,196197200000.0
WA,2017,-1539500000.0,42599800000.0,271223900000.00003,519942900000.0,207658700000.0
WA,2018,-1592000000.0,45895200000.0,294811200000.0,564480700000.0,225366300000.0
WA,2019,-1661700000.0,49883900000.0,313859200000.0,597873800000.0,235792300000.0
WA,2020,-19061500000.0,49112100000.0,326111400000.0,604253800000.0,248091900000.0
WI,1997,-513600000.0,11960000000.0,91523000000.0,153431700000.0,50462300000.0
WI,1998,-544100000.0,12271400000.0,97435100000.0,162609300000.0,53446900000.0
WI,1999,-803300000.0,13197500000.0,103288000000.0,172224100000.0,56541800000.0
WI,2000,-871200000.0,13461500000.0,109352500000.0,180427300000.0,58484600000.0
WI,2001,-760200000.0,14096500000.0,113584400000.0,188163100000.0,61242400000.0
WI,2002,-689600000.0,14677100000.0,117009500000.0,194658800000.0,63661600000.0
WI,2003,-877400000.0,15323500000.0,121362400000.0,203339200000.0,67530700000.0
WI,2004,-727400000.0,16198300000.0,127847200000.0,215537100000.0,72219000000.0
WI,2005,-1065700000.0,16908800000.0,132127799999.99998,227297000000.0,79326100000.0
WI,2006,-874200000.0,17622100000.0,137767400000.0,237569300000.0,83054100000.0
WI,2007,-663700000.0,17711100000.0,143207100000.0,245839500000.0,85584900000.0
WI,2008,-706600000.0,17981000000.0,147115800000.0,246814500000.0,82424200000.0
WI,2009,-1003900000.0,18551100000.0,142788700000.0,247210000000.0,86874100000.0
WI,2010,-849100000.0,18889200000.0,144048700000.0,256432900000.0,94344100000.0
WI,2011,-935600000.0,19779300000.0,150131200000.0,266364400000.00003,97389500000.0
WI,2012,-957100000.0,20021500000.0,155460000000.0,277107100000.0,102582700000.0
WI,2013,-930800000.0,21045500000.0,159591000000.0,284270900000.0,104565200000.0
WI,2014,-801700000.0,20742900000.0,164986200000.0,295696000000.0,110768500000.0
WI,2015,-913800000.0,20773400000.0,171332300000.0,307507900000.0,116316000000.0
WI,2016,-909900000.0,21465000000.0,175148100000.0,314073300000.0,118370100000.0
WI,2017,-791700000.0,21899700000.0,181447600000.0,318364200000.0,115808600000.0
WI,2018,-923400000.0,22672300000.0,190258100000.0,332263500000.0,120256500000.0
WI,2019,-1127200000.0,23317200000.0,196674700000.0,344724800000.0,125860100000.0
WI,2020,-12563700000.0,23940400000.0,197578000000.0,337714000000.0,128759400000.0
WV,1997,-78100000.0,3175800000.0,21794700000.0,38777500000.0,13885100000.0
WV,1998,-68400000.0,3223900000.0,22607400000.0,40014600000.0,14251700000.0
WV,1999,-81400000.0,3480000000.0,23381100000.0,41714300000.0,14934600000.0
WV,2000,-95100000.0,3557300000.0,24503300000.0,42495600000.0,14530000000.0
WV,2001,-87000000.0,3780100000.0,25386700000.0,43973300000.0,14893500000.0
WV,2002,-92900000.0,3808900000.0,25952700000.0,45580800000.0,15912100000.0
WV,2003,-108600000.0,3996900000.0,26694300000.0,47039900000.0,16457300000.0
WV,2004,-113000000.0,4181800000.0,28037800000.0,49741400000.0,17634800000.0
WV,2005,-137500000.0,4522200000.0,29273800000.0,53492500000.0,19833900000.0
WV,2006,-123400000.0,4567900000.0,31157900000.0,57010000000.0,21407600000.0
WV,2007,-114800000.0,4752800000.0,32067000000.0,59273500000.0,22568500000.0
WV,2008,-110300000.0,4841600000.0,33786000000.0,62694800000.0,24177400000.0
WV,2009,-135600000.0,4646300000.0,33706199999.999996,63600700000.0,25383900000.0
WV,2010,-125700000.0,5195300000.0,34244300000.000004,65998700000.0,26684800000.0
WV,2011,-157300000.0,5521100000.0,35987600000.0,69234100000.0,27882600000.0
WV,2012,-160400000.0,5615800000.0,37330600000.0,70322200000.0,27536300000.0
WV,2013,-153400000.0,5750200000.0,37487300000.0,71481500000.0,28397300000.0
WV,2014,-143700000.0,5898600000.0,37829500000.0,72648200000.0,29063700000.0
WV,2015,-136400000.0,5523400000.0,38348700000.0,71318500000.0,27582900000.0
WV,2016,-142400000.0,5597100000.0,37385000000.0,70924400000.0,28084700000.0
WV,2017,-131000000.0,5800700000.0,39148500000.0,74799500000.0,29981300000.0
WV,2018,-126800000.0,6257700000.0,42032200000.0,79044800000.0,30881600000.0
WV,2019,-133600000.0,6268200000.0,42160800000.0,79139700000.0,30844400000.0
WV,2020,-2518100000.0,6267800000.0,40948000000.0,75855000000.0,31157200000.0
WY,1997,-37400000.0,1427900000.0,6990900000.0,14654500000.0,6273100000.0
WY,1998,-43000000.0,1559900000.0,7345300000.0,14840200000.0,5978000000.0
WY,1999,-56700000.0,1648700000.0,7775700000.0,15679700000.0,6312000000.0
WY,2000,-53900000.0,1850000000.0,8328100000.0,17152500000.0,7028300000.0
WY,2001,-68400000.0,1860100000.0,8998500000.0,18708300000.0,7918000000.0
WY,2002,-83100000.0,1989900000.0,9449000000.0,19165600000.0,7809800000.0
WY,2003,-75200000.0,2249400000.0,9953800000.0,21193600000.0,9065600000.0
WY,2004,-63900000.0,2520800000.0,10626600000.0,23429400000.0,10345900000.0
WY,2005,-157200000.0,2986000000.0,11525300000.0,27576300000.0,13222200000.0
WY,2006,-70200000.0,3376800000.0,13422800000.0,32740300000.0,16010900000.0
WY,2007,-68600000.0,3660600000.0,14895400000.0,36950800000.0,18463400000.0
WY,2008,-77500000.0,3878000000.0,16192400000.0,42819300000.0,22826400000.0
WY,2009,-81400000.0,3597100000.0,15257700000.0,36252000000.0,17478500000.0
WY,2010,-82300000.0,3625500000.0,15522900000.0,37680700000.0,18614700000.0
WY,2011,-86500000.0,4059700000.0,16163600000.0,39751400000.0,19614600000.0
WY,2012,-89200000.0,3962700000.0,16977000000.0,38855400000.0,18004900000.0
WY,2013,-91400000.0,4030900000.0,17540700000.0,39289800000.0,17809600000.0
WY,2014,-174600000.0,3839300000.0,18374400000.0,40310600000.0,18271500000.0
WY,2015,-99200000.0,3701900000.0,18308100000.0,38426900000.0,16516099999.999998
WY,2016,-88100000.0,3536900000.0,17265300000.0,35879000000.0,15164900000.0
WY,2017,-94700000.0,3320600000.0,17661500000.0,36863700000.0,15976400000.0
WY,2018,-89500000.0,3481000000.0,18518500000.0,39032300000.0,17122300000.0
WY,2019,-95700000.0,3471900000.0,19245800000.0,39600800000.0,16978800000.0
WY,2020,-1052700000.0,3283300000.0,18623200000.0,36323500000.0,15469600000.0
