state,year,house_low_value_quartile,house_median_value,house_upper_value_quartile
AL,2005,59400.0,97500.0,162500.0
AL,2006,64200.0,107000.0,174900.0
AL,2007,68900.0,115600.0,187700.0
AL,2008,68300.0,121500.0,200600.0
AL,2009,67400.0,119600.0,197200.0
AL,2012,69500.0,123200.0,200300.0
AL,2013,69000.0,122700.0,200500.0
AL,2014,69700.0,125600.0,207100.0
AL,2015,75700.0,134100.0,219600.0
AL,2016,76900.0,136200.0,221600.0
AL,2017,78800.0,141300.0,231300.0
AL,2018,81300.0,147900.0,239300.0
AL,2019,84700.0,154000.0,244500.0
AK,2005,133000.0,197100.0,275100.0
AK,2006,143900.0,213200.0,301900.0
AK,2007,157500.0,231300.0,331500.0
AK,2008,160600.0,237800.0,337100.0
AK,2009,156000.0,232900.0,319700.0
AK,2012,166400.0,245100.0,338700.0
AK,2013,175000.0,254000.0,349800.0
AK,2014,170600.0,254500.0,349400.0
AK,2015,172600.0,259600.0,362700.0
AK,2016,180600.0,267800.0,376100.0
AK,2017,180800.0,273100.0,375100.0
AK,2018,184900.0,276100.0,378500.0
AK,2019,188100.0,281200.0,382300.0
AZ,2005,116000.0,185400.0,303500.0
AZ,2006,148100.0,236500.0,376100.0
AZ,2007,157400.0,237700.0,372700.0
AZ,2008,153800.0,229200.0,349800.0
AZ,2009,119600.0,187700.0,294700.0
AZ,2012,88300.0,151500.0,251700.0
AZ,2013,97400.0,166000.0,271900.0
AZ,2014,105000.0,176700.0,291500.0
AZ,2015,118900.0,194300.0,308400.0
AZ,2016,127200.0,205900.0,319300.0
AZ,2017,142000.0,223400.0,343400.0
AZ,2018,156100.0,241100.0,360300.0
AZ,2019,168100.0,255900.0,377700.0
AR,2005,53400.0,87400.0,143300.0
AR,2006,58100.0,93900.0,154300.0
AR,2007,60200.0,101000.0,166200.0
AR,2008,61500.0,105700.0,170700.0
AR,2009,59700.0,102900.0,168200.0
AR,2012,63900.0,107600.0,174300.0
AR,2013,63200.0,109500.0,174000.0
AR,2014,63900.0,112500.0,178700.0
AR,2015,71400.0,120700.0,191200.0
AR,2016,72100.0,123300.0,196700.0
AR,2017,74900.0,128500.0,201900.0
AR,2018,75800.0,133100.0,212600.0
AR,2019,77400.0,136200.0,216600.0
CA,2005,313300.0,477700.0,701000.0
CA,2006,355600.0,535700.0,742700.0
CA,2007,352200.0,532300.0,744000.0
CA,2008,300800.0,467000.0,708800.0
CA,2009,232300.0,384200.0,635100.0
CA,2012,199600.0,349400.0,587600.0
CA,2013,213800.0,373100.0,629000.0
CA,2014,244000.0,412700.0,677300.0
CA,2015,276200.0,449100.0,715500.0
CA,2016,298500.0,477500.0,751000.0
CA,2017,320500.0,509400.0,800200.0
CA,2018,341100.0,546800.0,852300.0
CA,2019,356500.0,568500.0,874100.0
CO,2005,159900.0,223300.0,330000.0
CO,2006,168200.0,232900.0,351100.0
CO,2007,169100.0,233900.0,358600.0
CO,2008,169200.0,242200.0,369600.0
CO,2009,164400.0,237800.0,360900.0
CO,2012,158800.0,234900.0,357200.0
CO,2013,159600.0,240500.0,366000.0
CO,2014,169200.0,255200.0,383800.0
CO,2015,189400.0,283800.0,417000.0
CO,2016,210000.0,314200.0,455400.0
CO,2017,234300.0,348900.0,488700.0
CO,2018,253600.0,373300.0,530300.0
CO,2019,279500.0,394600.0,568600.0
CT,2005,186900.0,271500.0,425900.0
CT,2006,203900.0,298900.0,453500.0
CT,2007,211300.0,309200.0,460700.0
CT,2008,217900.0,306000.0,456900.0
CT,2009,206400.0,291200.0,436300.0
CT,2012,184200.0,267800.0,393600.0
CT,2013,177900.0,267000.0,399000.0
CT,2014,176000.0,267200.0,397400.0
CT,2015,181600.0,270900.0,408600.0
CT,2016,184100.0,274600.0,403300.0
CT,2017,183000.0,273100.0,406500.0
CT,2018,188500.0,277400.0,406900.0
CT,2019,192900.0,280700.0,413400.0
DE,2005,131000.0,203800.0,311600.0
DE,2006,152700.0,227100.0,347800.0
DE,2007,171200.0,239700.0,361700.0
DE,2008,173100.0,250900.0,359700.0
DE,2009,171400.0,249400.0,348600.0
DE,2012,158800.0,226900.0,316400.0
DE,2013,155200.0,226200.0,325100.0
DE,2014,156500.0,230500.0,334700.0
DE,2015,165300.0,240200.0,344700.0
DE,2016,167300.0,243400.0,345900.0
DE,2017,178200.0,252800.0,364100.0
DE,2018,173900.0,255300.0,367100.0
DE,2019,181000.0,261700.0,368800.0
DC,2005,230600.0,384400.0,652900.0
DC,2006,299000.0,437700.0,701700.0
DC,2007,310000.0,450900.0,721200.0
DC,2008,324000.0,474100.0,727100.0
DC,2009,306100.0,443700.0,715300.0
DC,2012,298100.0,460700.0,734100.0
DC,2013,306800.0,470500.0,776200.0
DC,2014,313300.0,486900.0,771500.0
DC,2015,334200.0,551300.0,852700.0
DC,2016,351400.0,576100.0,880900.0
DC,2017,382600.0,607200.0,908900.0
DC,2018,397800.0,617900.0,930300.0
DC,2019,415700.0,646500.0,953600.0
FL,2005,112500.0,189500.0,320100.0
FL,2006,143000.0,230600.0,372600.0
FL,2007,148600.0,230400.0,367900.0
FL,2008,138400.0,218700.0,337900.0
FL,2009,111700.0,182400.0,288200.0
FL,2012,83600.0,148200.0,243600.0
FL,2013,84200.0,153300.0,256100.0
FL,2014,88300.0,162700.0,273300.0
FL,2015,103800.0,179800.0,298000.0
FL,2016,114700.0,197700.0,318500.0
FL,2017,126100.0,214000.0,339200.0
FL,2018,140500.0,230600.0,356100.0
FL,2019,154600.0,245100.0,368500.0
GA,2005,91900.0,147500.0,226400.0
GA,2006,100200.0,156800.0,240600.0
GA,2007,106900.0,164500.0,252200.0
GA,2008,108900.0,169100.0,268700.0
GA,2009,103200.0,162800.0,257400.0
GA,2012,83300.0,142300.0,230900.0
GA,2013,81000.0,141600.0,233900.0
GA,2014,84400.0,147900.0,245700.0
GA,2015,95300.0,159300.0,263800.0
GA,2016,98800.0,166800.0,277000.0
GA,2017,106400.0,173700.0,290100.0
GA,2018,114600.0,189900.0,308100.0
GA,2019,124500.0,202500.0,327500.0
HI,2005,290300.0,453600.0,667300.0
HI,2006,349500.0,529700.0,734700.0
HI,2007,355900.0,555400.0,746300.0
HI,2008,361300.0,560200.0,748500.0
HI,2009,346300.0,517600.0,720900.0
HI,2012,320500.0,496600.0,709400.0
HI,2013,327900.0,500000.0,728900.0
HI,2014,335300.0,528000.0,743200.0
HI,2015,364300.0,566900.0,791200.0
HI,2016,376700.0,592000.0,837900.0
HI,2017,401900.0,617400.0,870100.0
HI,2018,409800.0,631700.0,892300.0
HI,2019,437500.0,669200.0,911600.0
ID,2005,92400.0,134900.0,201300.0
ID,2006,106900.0,163900.0,245500.0
ID,2007,119800.0,178100.0,278000.0
ID,2008,124400.0,183700.0,278200.0
ID,2009,118800.0,171700.0,255900.0
ID,2012,103200.0,154500.0,233600.0
ID,2013,105300.0,159000.0,240800.0
ID,2014,110800.0,165300.0,247700.0
ID,2015,122700.0,176300.0,271200.0
ID,2016,129700.0,189400.0,284900.0
ID,2017,141200.0,207100.0,305400.0
ID,2018,154800.0,233100.0,343600.0
ID,2019,167600.0,255200.0,373600.0
IL,2005,105600.0,183900.0,303800.0
IL,2006,114000.0,200200.0,333300.0
IL,2007,120400.0,208800.0,344200.0
IL,2008,123000.0,214900.0,343300.0
IL,2009,116800.0,202200.0,319700.0
IL,2012,102300.0,170600.0,276700.0
IL,2013,98000.0,169600.0,277100.0
IL,2014,100900.0,171900.0,285400.0
IL,2015,107500.0,180300.0,296500.0
IL,2016,110500.0,186500.0,304000.0
IL,2017,114500.0,195300.0,316900.0
IL,2018,119300.0,203400.0,326600.0
IL,2019,122000.0,209100.0,329600.0
IN,2005,78700.0,114400.0,165200.0
IN,2006,82600.0,120700.0,171800.0
IN,2007,84100.0,122900.0,176300.0
IN,2008,82800.0,125200.0,186000.0
IN,2009,82000.0,123100.0,182300.0
IN,2012,80000.0,122700.0,183100.0
IN,2013,78800.0,122200.0,185200.0
IN,2014,80100.0,124300.0,189700.0
IN,2015,84100.0,131000.0,197800.0
IN,2016,85200.0,134800.0,205400.0
IN,2017,88000.0,141100.0,218000.0
IN,2018,91300.0,147300.0,226600.0
IN,2019,96400.0,156000.0,238700.0
IA,2005,70400.0,106600.0,160600.0
IA,2006,74800.0,112600.0,168300.0
IA,2007,77600.0,117900.0,174700.0
IA,2008,77500.0,120700.0,182600.0
IA,2009,78400.0,122000.0,185900.0
IA,2012,79800.0,126300.0,192100.0
IA,2013,79300.0,126900.0,193900.0
IA,2014,81900.0,133100.0,205600.0
IA,2015,84900.0,136100.0,208800.0
IA,2016,87900.0,142300.0,223400.0
IA,2017,90300.0,149100.0,232400.0
IA,2018,91800.0,152000.0,239600.0
IA,2019,96900.0,158900.0,248200.0
KS,2005,63800.0,107800.0,169500.0
KS,2006,67700.0,114400.0,177700.0
KS,2007,71100.0,121200.0,187900.0
KS,2008,71900.0,125700.0,195500.0
KS,2009,72100.0,125500.0,195300.0
KS,2012,73700.0,130100.0,199700.0
KS,2013,73000.0,129700.0,201500.0
KS,2014,74800.0,132100.0,211200.0
KS,2015,81400.0,141200.0,222200.0
KS,2016,81800.0,144900.0,228500.0
KS,2017,84300.0,150600.0,239700.0
KS,2018,87800.0,159400.0,253700.0
KS,2019,87800.0,163200.0,264800.0
KY,2005,63400.0,103900.0,160800.0
KY,2006,67400.0,111000.0,171200.0
KY,2007,70700.0,114300.0,175600.0
KY,2008,69700.0,118400.0,185500.0
KY,2009,70400.0,117800.0,184100.0
KY,2012,71100.0,120800.0,187600.0
KY,2013,69700.0,120900.0,191300.0
KY,2014,73100.0,123800.0,194900.0
KY,2015,78700.0,130000.0,200300.0
KY,2016,81400.0,135600.0,212500.0
KY,2017,82400.0,141000.0,223100.0
KY,2018,85500.0,148100.0,232200.0
KY,2019,87600.0,151700.0,239300.0
LA,2005,62200.0,101700.0,160400.0
LA,2006,64900.0,114700.0,180600.0
LA,2007,72700.0,126800.0,197200.0
LA,2008,73100.0,132400.0,207600.0
LA,2009,73700.0,135400.0,206100.0
LA,2012,75200.0,139500.0,215300.0
LA,2013,73800.0,140300.0,219700.0
LA,2014,77900.0,143600.0,221700.0
LA,2015,86400.0,155600.0,236900.0
LA,2016,88000.0,158000.0,242900.0
LA,2017,90800.0,162500.0,249300.0
LA,2018,94600.0,167300.0,261900.0
LA,2019,100600.0,172100.0,265300.0
ME,2005,91200.0,155300.0,241400.0
ME,2006,101300.0,170500.0,258300.0
ME,2007,107300.0,176000.0,269000.0
ME,2008,109900.0,180200.0,275500.0
ME,2009,109700.0,177500.0,267700.0
ME,2012,104500.0,172300.0,263500.0
ME,2013,104600.0,172800.0,264100.0
ME,2014,106600.0,174800.0,269600.0
ME,2015,111700.0,180300.0,273600.0
ME,2016,113900.0,184700.0,282500.0
ME,2017,119000.0,191200.0,290500.0
ME,2018,122200.0,197500.0,297900.0
ME,2019,125400.0,200500.0,304300.0
MD,2005,172100.0,280200.0,438300.0
MD,2006,208700.0,334700.0,489500.0
MD,2007,223800.0,347000.0,497600.0
MD,2008,233500.0,341200.0,486100.0
MD,2009,218300.0,318600.0,458600.0
MD,2012,188100.0,279900.0,418600.0
MD,2013,184100.0,280200.0,419400.0
MD,2014,189500.0,288500.0,436300.0
MD,2015,200500.0,299800.0,445400.0
MD,2016,204900.0,306900.0,454800.0
MD,2017,208600.0,312500.0,459100.0
MD,2018,217700.0,324800.0,469000.0
MD,2019,225500.0,332500.0,478700.0
MA,2005,244400.0,361500.0,493000.0
MA,2006,258000.0,370400.0,507300.0
MA,2007,253900.0,366400.0,504800.0
MA,2008,254200.0,353600.0,488800.0
MA,2009,241400.0,338500.0,470300.0
MA,2012,224000.0,323800.0,462000.0
MA,2013,221500.0,327200.0,470300.0
MA,2014,228300.0,338900.0,487600.0
MA,2015,242900.0,352100.0,505000.0
MA,2016,250400.0,366900.0,546500.0
MA,2017,264200.0,385400.0,588200.0
MA,2018,275600.0,400700.0,617300.0
MA,2019,288900.0,418600.0,634900.0
MI,2005,96600.0,149300.0,222500.0
MI,2006,101300.0,153300.0,225900.0
MI,2007,101700.0,153100.0,225200.0
MI,2008,95900.0,151300.0,225800.0
MI,2009,82400.0,132200.0,202000.0
MI,2012,67200.0,115700.0,185800.0
MI,2013,65900.0,117500.0,191600.0
MI,2014,71600.0,125700.0,205800.0
MI,2015,78600.0,137500.0,221300.0
MI,2016,82400.0,147100.0,235500.0
MI,2017,88000.0,155700.0,246300.0
MI,2018,93000.0,162500.0,260300.0
MI,2019,99200.0,169600.0,271400.0
MN,2005,131400.0,198800.0,285500.0
MN,2006,140900.0,208200.0,299000.0
MN,2007,145700.0,213600.0,311700.0
MN,2008,145600.0,213800.0,300900.0
MN,2009,135300.0,200400.0,288900.0
MN,2012,118900.0,178400.0,267700.0
MN,2013,119000.0,180100.0,272800.0
MN,2014,123700.0,188300.0,282600.0
MN,2015,134900.0,200000.0,296100.0
MN,2016,142500.0,211800.0,309400.0
MN,2017,153100.0,224000.0,328800.0
MN,2018,158300.0,235400.0,344200.0
MN,2019,165800.0,246700.0,357900.0
MS,2005,49600.0,82700.0,136800.0
MS,2006,53200.0,88600.0,151400.0
MS,2007,55800.0,96000.0,162800.0
MS,2008,55900.0,99700.0,170600.0
MS,2009,55800.0,98000.0,169800.0
MS,2012,56800.0,99800.0,169400.0
MS,2013,55400.0,97500.0,171300.0
MS,2014,57500.0,104000.0,173700.0
MS,2015,64200.0,112700.0,183800.0
MS,2016,64300.0,113900.0,192100.0
MS,2017,67200.0,120200.0,196000.0
MS,2018,68100.0,123300.0,202100.0
MS,2019,71500.0,128200.0,208200.0
MO,2005,78100.0,123100.0,185800.0
MO,2006,82800.0,131900.0,198700.0
MO,2007,86800.0,138600.0,207900.0
MO,2008,86000.0,141500.0,216200.0
MO,2009,84900.0,139700.0,213100.0
MO,2012,81100.0,135000.0,208200.0
MO,2013,80300.0,133200.0,207500.0
MO,2014,81900.0,138500.0,217400.0
MO,2015,89000.0,147800.0,229200.0
MO,2016,90700.0,151400.0,235700.0
MO,2017,93800.0,156700.0,246300.0
MO,2018,97600.0,162600.0,256600.0
MO,2019,100900.0,168000.0,265800.0
MT,2005,77600.0,131600.0,210900.0
MT,2006,90200.0,155500.0,240200.0
MT,2007,100500.0,170000.0,271600.0
MT,2008,99000.0,180300.0,287000.0
MT,2009,100100.0,176300.0,278400.0
MT,2012,113100.0,184800.0,279500.0
MT,2013,112000.0,190100.0,287300.0
MT,2014,112800.0,196800.0,292300.0
MT,2015,129000.0,209500.0,305600.0
MT,2016,131900.0,217200.0,327600.0
MT,2017,146100.0,231300.0,340300.0
MT,2018,155900.0,249200.0,377100.0
MT,2019,158300.0,253600.0,384200.0
NE,2005,74300.0,113200.0,163800.0
NE,2006,78800.0,119200.0,170900.0
NE,2007,80000.0,122200.0,175600.0
NE,2008,81900.0,126500.0,180600.0
NE,2009,80900.0,123300.0,175900.0
NE,2012,83600.0,128300.0,189100.0
NE,2013,85300.0,132700.0,196300.0
NE,2014,86100.0,133800.0,200200.0
NE,2015,91600.0,141600.0,214600.0
NE,2016,95700.0,148100.0,224600.0
NE,2017,99800.0,155800.0,238400.0
NE,2018,103400.0,161800.0,246000.0
NE,2019,110100.0,172700.0,262800.0
NV,2005,181200.0,283400.0,407900.0
NV,2006,217600.0,315200.0,436500.0
NV,2007,217400.0,311300.0,433700.0
NV,2008,195300.0,271500.0,385500.0
NV,2009,135500.0,207600.0,301800.0
NV,2012,93300.0,150700.0,232600.0
NV,2013,102100.0,165300.0,257200.0
NV,2014,122300.0,192100.0,291800.0
NV,2015,151400.0,221400.0,328400.0
NV,2016,162800.0,239500.0,349600.0
NV,2017,178100.0,258200.0,366900.0
NV,2018,209400.0,292200.0,398200.0
NV,2019,230700.0,317800.0,430300.0
NH,2005,166900.0,240100.0,348800.0
NH,2006,184300.0,253200.0,362700.0
NH,2007,186900.0,261800.0,367100.0
NH,2008,189600.0,264700.0,365600.0
NH,2009,177300.0,249700.0,340700.0
NH,2012,167700.0,236000.0,324500.0
NH,2013,162100.0,233300.0,326700.0
NH,2014,164200.0,236400.0,329900.0
NH,2015,169500.0,244500.0,342800.0
NH,2016,171500.0,251100.0,350700.0
NH,2017,182900.0,263600.0,365200.0
NH,2018,184400.0,270000.0,376100.0
NH,2019,193200.0,281400.0,386800.0
NJ,2005,209900.0,333900.0,478100.0
NJ,2006,235100.0,366600.0,522400.0
NJ,2007,241800.0,372300.0,529800.0
NJ,2008,252800.0,364100.0,512200.0
NJ,2009,241600.0,348300.0,488100.0
NJ,2012,212700.0,311600.0,450800.0
NJ,2013,204500.0,307700.0,454600.0
NJ,2014,205700.0,313200.0,458900.0
NJ,2015,214400.0,322600.0,472400.0
NJ,2016,218100.0,328200.0,480200.0
NJ,2017,222300.0,334900.0,489200.0
NJ,2018,227200.0,344000.0,499800.0
NJ,2019,231900.0,348800.0,508100.0
NM,2005,73700.0,125500.0,197500.0
NM,2006,80200.0,141200.0,231100.0
NM,2007,85000.0,155400.0,243300.0
NM,2008,89800.0,165100.0,262500.0
NM,2009,90200.0,160900.0,249000.0
NM,2012,89600.0,157500.0,244000.0
NM,2013,89300.0,159200.0,244000.0
NM,2014,89100.0,158400.0,248500.0
NM,2015,95200.0,164100.0,257200.0
NM,2016,100600.0,167500.0,263700.0
NM,2017,104500.0,171300.0,266500.0
NM,2018,104400.0,174700.0,274000.0
NM,2019,107100.0,180900.0,285300.0
NY,2005,108300.0,258900.0,475300.0
NY,2006,118900.0,303400.0,527400.0
NY,2007,124200.0,311000.0,549400.0
NY,2008,130900.0,318900.0,551300.0
NY,2009,131400.0,306000.0,516700.0
NY,2012,132000.0,280900.0,474700.0
NY,2013,129800.0,277600.0,476800.0
NY,2014,130800.0,279100.0,484100.0
NY,2015,140700.0,293500.0,502700.0
NY,2016,144600.0,302400.0,529300.0
NY,2017,150000.0,314500.0,566000.0
NY,2018,153900.0,325500.0,597200.0
NY,2019,157600.0,338700.0,622300.0
NC,2005,82500.0,127600.0,195600.0
NC,2006,86600.0,137200.0,213700.0
NC,2007,91200.0,145700.0,230400.0
NC,2008,94300.0,154500.0,248200.0
NC,2009,94000.0,155500.0,245600.0
NC,2012,91800.0,150100.0,239200.0
NC,2013,91800.0,154300.0,243800.0
NC,2014,91500.0,155000.0,247700.0
NC,2015,98100.0,160100.0,259500.0
NC,2016,101200.0,165400.0,270600.0
NC,2017,104800.0,171200.0,283100.0
NC,2018,108000.0,180600.0,296800.0
NC,2019,115200.0,193200.0,310700.0
ND,2005,51800.0,88600.0,135800.0
ND,2006,56100.0,99700.0,151500.0
ND,2007,59300.0,106800.0,163000.0
ND,2008,61800.0,112500.0,170800.0
ND,2009,64700.0,116800.0,172600.0
ND,2012,77700.0,142500.0,219500.0
ND,2013,81600.0,155400.0,235900.0
ND,2014,86400.0,161800.0,251200.0
ND,2015,103600.0,180900.0,276900.0
ND,2016,105400.0,184100.0,276800.0
ND,2017,110500.0,194700.0,289500.0
ND,2018,112300.0,198700.0,291600.0
ND,2019,118700.0,205400.0,300900.0
OH,2005,89000.0,129600.0,185800.0
OH,2006,92200.0,135200.0,194200.0
OH,2007,93900.0,137800.0,199000.0
OH,2008,93200.0,140200.0,205000.0
OH,2009,88600.0,134600.0,197100.0
OH,2012,83200.0,127600.0,192700.0
OH,2013,80700.0,127000.0,193600.0
OH,2014,81800.0,129100.0,198000.0
OH,2015,85000.0,136400.0,210100.0
OH,2016,86700.0,140100.0,216700.0
OH,2017,89200.0,144200.0,225500.0
OH,2018,92500.0,151100.0,236100.0
OH,2019,95800.0,157200.0,244800.0
OK,2005,55500.0,89100.0,139400.0
OK,2006,60700.0,94500.0,148300.0
OK,2007,65400.0,103000.0,160700.0
OK,2008,64500.0,105500.0,165500.0
OK,2009,65500.0,107700.0,167500.0
OK,2012,68400.0,114300.0,175600.0
OK,2013,68900.0,116500.0,179700.0
OK,2014,71400.0,119800.0,186900.0
OK,2015,76500.0,126800.0,198800.0
OK,2016,77500.0,132200.0,207600.0
OK,2017,80100.0,137400.0,214500.0
OK,2018,81800.0,140000.0,221900.0
OK,2019,85200.0,147000.0,229400.0
OR,2005,140200.0,201200.0,305900.0
OR,2006,161800.0,236600.0,365800.0
OR,2007,178500.0,257300.0,392000.0
OR,2008,189300.0,273300.0,391500.0
OR,2009,175600.0,257400.0,374500.0
OR,2012,150600.0,223900.0,335300.0
OR,2013,152800.0,229700.0,343900.0
OR,2014,156800.0,239800.0,357900.0
OR,2015,173900.0,264100.0,384700.0
OR,2016,188600.0,287100.0,419200.0
OR,2017,210600.0,319200.0,459900.0
OR,2018,228400.0,341800.0,481100.0
OR,2019,245200.0,354600.0,489600.0
PA,2005,80100.0,131900.0,216400.0
PA,2006,85500.0,145200.0,237800.0
PA,2007,90800.0,155000.0,247700.0
PA,2008,92300.0,164700.0,269400.0
PA,2009,93200.0,164700.0,264200.0
PA,2012,94600.0,163800.0,258600.0
PA,2013,93800.0,164200.0,261800.0
PA,2014,95800.0,165400.0,264300.0
PA,2015,102100.0,170600.0,273900.0
PA,2016,104700.0,174100.0,280900.0
PA,2017,110000.0,181200.0,290000.0
PA,2018,112500.0,186000.0,295200.0
PA,2019,115300.0,192600.0,303200.0
,2005,67500.0,95700.0,145000.0
,2006,69100.0,98700.0,151600.0
,2007,73000.0,104400.0,160200.0
,2008,84800.0,122000.0,181700.0
,2009,84300.0,118500.0,168900.0
,2012,90200.0,127300.0,179900.0
,2013,80300.0,119900.0,170300.0
,2014,84900.0,120800.0,169600.0
,2015,80200.0,114100.0,162400.0
,2016,81400.0,111900.0,159600.0
,2017,80000.0,109800.0,154600.0
,2018,80800.0,110800.0,158400.0
,2019,81000.0,110300.0,155800.0
RI,2005,212200.0,281300.0,391100.0
RI,2006,221800.0,295700.0,398800.0
RI,2007,224900.0,292800.0,396700.0
RI,2008,226500.0,286000.0,393700.0
RI,2009,204200.0,267100.0,368700.0
RI,2012,168900.0,234600.0,332600.0
RI,2013,163300.0,232300.0,341800.0
RI,2014,165800.0,236000.0,342300.0
RI,2015,173200.0,241000.0,353700.0
RI,2016,179800.0,247700.0,361500.0
RI,2017,191000.0,257800.0,372100.0
RI,2018,205300.0,273800.0,382100.0
RI,2019,215200.0,283000.0,387200.0
SC,2005,68800.0,113100.0,182000.0
SC,2006,73900.0,122400.0,197900.0
SC,2007,79500.0,133900.0,218800.0
SC,2008,76100.0,138700.0,235000.0
SC,2009,78200.0,137500.0,228500.0
SC,2012,77300.0,135500.0,221100.0
SC,2013,77200.0,139200.0,226900.0
SC,2014,76600.0,140000.0,230900.0
SC,2015,85500.0,148600.0,242400.0
SC,2016,86600.0,153900.0,251400.0
SC,2017,91600.0,161800.0,267800.0
SC,2018,94700.0,170800.0,282200.0
SC,2019,102600.0,179800.0,292700.0
SD,2005,57300.0,101700.0,156700.0
SD,2006,63600.0,112600.0,169500.0
SD,2007,67300.0,118700.0,180200.0
SD,2008,68400.0,126200.0,190800.0
SD,2009,70500.0,126200.0,191000.0
SD,2012,74600.0,134300.0,209000.0
SD,2013,76200.0,138400.0,209400.0
SD,2014,78600.0,142300.0,219000.0
SD,2015,86800.0,152800.0,234200.0
SD,2016,92600.0,160700.0,242700.0
SD,2017,94500.0,167600.0,250800.0
SD,2018,101800.0,171500.0,266400.0
SD,2019,109300.0,185000.0,280700.0
TN,2005,74200.0,114000.0,173200.0
TN,2006,78900.0,123100.0,189100.0
TN,2007,83000.0,130800.0,200000.0
TN,2008,85200.0,138600.0,218600.0
TN,2009,83600.0,137300.0,215400.0
TN,2012,85100.0,137800.0,218000.0
TN,2013,84700.0,140300.0,222100.0
TN,2014,84500.0,142900.0,227900.0
TN,2015,91400.0,150600.0,238700.0
TN,2016,95500.0,157700.0,249900.0
TN,2017,99700.0,167500.0,271100.0
TN,2018,106400.0,177500.0,285500.0
TN,2019,112300.0,191900.0,307100.0
TX,2005,64900.0,106000.0,166200.0
TX,2006,69900.0,114000.0,174500.0
TX,2007,75600.0,120900.0,186500.0
TX,2008,78300.0,126800.0,197500.0
TX,2009,78100.0,125800.0,199000.0
TX,2012,79900.0,129200.0,205900.0
TX,2013,78800.0,132000.0,216300.0
TX,2014,80800.0,139600.0,229700.0
TX,2015,88300.0,152000.0,249800.0
TX,2016,91100.0,161500.0,270400.0
TX,2017,99100.0,172200.0,286100.0
TX,2018,105700.0,186000.0,301900.0
TX,2019,113800.0,200400.0,319300.0
UT,2005,127000.0,167200.0,233800.0
UT,2006,137500.0,188500.0,279500.0
UT,2007,154500.0,218700.0,328800.0
UT,2008,168700.0,236000.0,342300.0
UT,2009,163800.0,224700.0,315500.0
UT,2012,146300.0,199700.0,287300.0
UT,2013,151200.0,211400.0,300900.0
UT,2014,156700.0,223200.0,323400.0
UT,2015,164600.0,234600.0,338900.0
UT,2016,177900.0,250300.0,364100.0
UT,2017,196200.0,275100.0,386600.0
UT,2018,218500.0,303300.0,420500.0
UT,2019,238900.0,330300.0,454700.0
VT,2005,113800.0,173400.0,261900.0
VT,2006,127300.0,193000.0,279700.0
VT,2007,137900.0,205400.0,296800.0
VT,2008,150200.0,214700.0,300200.0
VT,2009,149400.0,216300.0,303100.0
VT,2012,151500.0,216900.0,298900.0
VT,2013,147400.0,218300.0,313000.0
VT,2014,145400.0,214600.0,305900.0
VT,2015,152600.0,223700.0,322800.0
VT,2016,153600.0,223700.0,323200.0
VT,2017,153600.0,226300.0,335300.0
VT,2018,157100.0,233100.0,340100.0
VT,2019,155700.0,233200.0,342400.0
VA,2005,117600.0,212300.0,397900.0
VA,2006,135500.0,244200.0,452200.0
VA,2007,151700.0,262100.0,459800.0
VA,2008,159600.0,269600.0,438800.0
VA,2009,155900.0,252600.0,402700.0
VA,2012,149600.0,237800.0,387900.0
VA,2013,145700.0,239300.0,394800.0
VA,2014,150400.0,247800.0,411200.0
VA,2015,157200.0,257800.0,424300.0
VA,2016,160300.0,264000.0,437200.0
VA,2017,165700.0,273400.0,449300.0
VA,2018,168700.0,281700.0,457500.0
VA,2019,174800.0,288800.0,471500.0
WA,2005,150400.0,227700.0,357100.0
WA,2006,171700.0,267600.0,405700.0
WA,2007,193900.0,300800.0,451900.0
WA,2008,206500.0,308100.0,460700.0
WA,2009,192900.0,287200.0,426300.0
WA,2012,164300.0,243000.0,371500.0
WA,2013,164600.0,250800.0,383500.0
WA,2014,171000.0,266200.0,400000.0
WA,2015,185600.0,284000.0,437500.0
WA,2016,199800.0,306400.0,471200.0
WA,2017,220900.0,339000.0,521000.0
WA,2018,245600.0,373100.0,592800.0
WA,2019,264500.0,387600.0,611500.0
WV,2005,50400.0,84400.0,136100.0
WV,2006,53800.0,89700.0,147600.0
WV,2007,57700.0,96000.0,161800.0
WV,2008,55600.0,95900.0,167100.0
WV,2009,53400.0,94500.0,163500.0
WV,2012,54500.0,100400.0,168500.0
WV,2013,58300.0,103200.0,170800.0
WV,2014,57800.0,103900.0,171500.0
WV,2015,63300.0,112100.0,182000.0
WV,2016,65900.0,117900.0,190100.0
WV,2017,68500.0,119800.0,197100.0
WV,2018,70400.0,121300.0,198100.0
WV,2019,68700.0,124600.0,204400.0
WI,2005,103700.0,152600.0,220900.0
WI,2006,112100.0,163500.0,234800.0
WI,2007,118100.0,168800.0,240500.0
WI,2008,118300.0,173300.0,251800.0
WI,2009,116500.0,170800.0,248900.0
WI,2012,111100.0,165200.0,240100.0
WI,2013,108100.0,163000.0,241000.0
WI,2014,109000.0,164700.0,244900.0
WI,2015,112900.0,168300.0,250900.0
WI,2016,116200.0,173200.0,261800.0
WI,2017,119400.0,178900.0,272400.0
WI,2018,124600.0,188500.0,282500.0
WI,2019,130200.0,197200.0,294100.0
WY,2005,86800.0,135000.0,196900.0
WY,2006,96000.0,148900.0,220700.0
WY,2007,110000.0,172300.0,249300.0
WY,2008,119000.0,188200.0,279800.0
WY,2009,113700.0,184000.0,268000.0
WY,2012,125700.0,187400.0,279200.0
WY,2013,128600.0,195500.0,286400.0
WY,2014,127000.0,201000.0,289900.0
WY,2015,142100.0,212500.0,294700.0
WY,2016,142000.0,209500.0,310600.0
WY,2017,140800.0,214300.0,315000.0
WY,2018,157700.0,230500.0,336700.0
WY,2019,160100.0,235200.0,340400.0
