state,year,edu_associate_degree,edu_bachelor_degree,edu_high_school,edu_master_degree,edu_total
Alabama,2008,210308.0,439587.0,801711.0,170625.0,3078499.0
Alabama,2009,218551.0,447402.0,797598.0,168782.0,3115982.0
Alabama,2010,225382.0,439863.0,817024.0,182474.0,3161521.0
Alabama,2011,236162.0,443488.0,818373.0,190977.0,3193078.0
Alabama,2012,238555.0,472037.0,826740.0,193901.0,3209646.0
Alabama,2013,258110.0,476016.0,824476.0,202435.0,3225447.0
Alabama,2014,256777.0,478058.0,847523.0,201391.0,3256766.0
Alabama,2015,266452.0,504626.0,823871.0,207767.0,3282252.0
Alabama,2016,271030.0,506680.0,831521.0,226164.0,3300713.0
Alabama,2017,278878.0,528019.0,850231.0,228314.0,3309607.0
Alabama,2018,288285.0,536086.0,848061.0,229484.0,3337464.0
Alabama,2019,301914.0,547975.0,862665.0,246772.0,3360058.0
Alaska,2008,34122.0,74728.0,92760.0,27470.0,424901.0
Alaska,2009,32532.0,75816.0,95366.0,28369.0,431178.0
Alaska,2010,37106.0,83346.0,92880.0,30697.0,450577.0
Alaska,2011,34000.0,77153.0,104706.0,29269.0,456862.0
Alaska,2012,38287.0,79559.0,106047.0,36321.0,464594.0
Alaska,2013,38486.0,84038.0,106234.0,32966.0,462659.0
Alaska,2014,38086.0,85634.0,108523.0,33103.0,465149.0
Alaska,2015,38113.0,87869.0,103684.0,36260.0,469523.0
Alaska,2016,40819.0,90861.0,107185.0,36182.0,478951.0
Alaska,2017,42724.0,86444.0,105599.0,37005.0,481561.0
Alaska,2018,39938.0,89635.0,111553.0,38582.0,485353.0
Alaska,2019,43394.0,89583.0,115044.0,38960.0,484058.0
Arizona,2008,328608.0,667004.0,883096.0,271435.0,4192547.0
Arizona,2009,330543.0,691996.0,891969.0,279698.0,4248231.0
Arizona,2010,336950.0,691889.0,872239.0,269415.0,4146758.0
Arizona,2011,348197.0,719546.0,869809.0,291892.0,4211223.0
Arizona,2012,360519.0,735758.0,864774.0,310661.0,4280464.0
Arizona,2013,374877.0,741982.0,902311.0,319970.0,4344737.0
Arizona,2014,376649.0,765784.0,899108.0,328400.0,4436226.0
Arizona,2015,382106.0,788933.0,923788.0,339377.0,4536954.0
Arizona,2016,390843.0,835779.0,924912.0,359075.0,4626409.0
Arizona,2017,408070.0,863062.0,949695.0,373079.0,4711362.0
Arizona,2018,428422.0,898032.0,970146.0,389350.0,4840304.0
Arizona,2019,431854.0,931038.0,967328.0,404500.0,4944540.0
Arkansas,2008,104524.0,234355.0,553980.0,81176.0,1872814.0
Arkansas,2009,115017.0,242389.0,544562.0,83186.0,1903914.0
Arkansas,2010,121711.0,252888.0,553179.0,86916.0,1919422.0
Arkansas,2011,113074.0,254903.0,576505.0,96313.0,1943427.0
Arkansas,2012,118932.0,269141.0,566530.0,101528.0,1949382.0
Arkansas,2013,119812.0,262755.0,570932.0,101291.0,1960503.0
Arkansas,2014,123871.0,272411.0,568437.0,104636.0,1968414.0
Arkansas,2015,135029.0,278975.0,550196.0,109389.0,1987819.0
Arkansas,2016,133315.0,282608.0,552084.0,118134.0,1990448.0
Arkansas,2017,143522.0,301294.0,557166.0,116823.0,2008398.0
Arkansas,2018,154143.0,296422.0,570551.0,125495.0,2021939.0
Arkansas,2019,151738.0,307185.0,580998.0,121947.0,2036456.0
California,2008,1789376.0,4432116.0,4386305.0,1654758.0,23528476.0
California,2009,1797763.0,4553969.0,4457919.0,1685526.0,23782109.0
California,2010,1831667.0,4610875.0,4496875.0,1750623.0,24097200.0
California,2011,1872437.0,4697422.0,4613751.0,1791770.0,24443872.0
California,2012,1959097.0,4865203.0,4558433.0,1861112.0,24779784.0
California,2013,1980401.0,4905468.0,4660364.0,1935122.0,25147232.0
California,2014,2002684.0,5120162.0,4768478.0,2035257.0,25654292.0
California,2015,1992703.0,5285754.0,4835298.0,2116434.0,26085263.0
California,2016,2031775.0,5426164.0,4784486.0,2203376.0,26304241.0
California,2017,2070661.0,5616449.0,4937316.0,2286009.0,26679273.0
California,2018,2140543.0,5704852.0,4932237.0,2365794.0,26815644.0
California,2019,2118792.0,5889724.0,4926010.0,2400918.0,26937872.0
Colorado,2008,248519.0,748494.0,620536.0,299716.0,3263026.0
Colorado,2009,261847.0,762038.0,621150.0,305896.0,3293368.0
Colorado,2010,260733.0,779055.0,629426.0,312761.0,3328045.0
Colorado,2011,281428.0,789859.0,627471.0,331369.0,3387310.0
Colorado,2012,288253.0,818469.0,619568.0,342776.0,3444654.0
Colorado,2013,291173.0,837913.0,623953.0,355393.0,3514235.0
Colorado,2014,294629.0,862158.0,640470.0,373532.0,3584463.0
Colorado,2015,301203.0,909032.0,658172.0,390965.0,3671853.0
Colorado,2016,322529.0,934273.0,673089.0,409712.0,3745506.0
Colorado,2017,313309.0,994894.0,665293.0,421760.0,3822068.0
Colorado,2018,329255.0,1013989.0,661387.0,444914.0,3900287.0
Colorado,2019,334961.0,1057825.0,678101.0,471937.0,3974943.0
Connecticut,2008,176357.0,481976.0,585548.0,256635.0,2364317.0
Connecticut,2009,174809.0,475179.0,589020.0,267418.0,2370028.0
Connecticut,2010,173047.0,491990.0,609078.0,265228.0,2434383.0
Connecticut,2011,179119.0,500103.0,597976.0,275007.0,2444403.0
Connecticut,2012,182429.0,503440.0,607054.0,294155.0,2457978.0
Connecticut,2013,184109.0,508487.0,596039.0,300673.0,2465315.0
Connecticut,2014,184589.0,527472.0,599611.0,298684.0,2471818.0
Connecticut,2015,187970.0,535933.0,597727.0,301008.0,2474718.0
Connecticut,2016,186288.0,541369.0,597334.0,297488.0,2467737.0
Connecticut,2017,201193.0,533791.0,599504.0,311043.0,2493854.0
Connecticut,2018,195971.0,544028.0,594528.0,325902.0,2493396.0
Connecticut,2019,190700.0,549166.0,587402.0,323247.0,2496420.0
Delaware,2008,41966.0,96864.0,162323.0,44629.0,581811.0
Delaware,2009,44146.0,103335.0,165267.0,46372.0,595133.0
Delaware,2010,43386.0,99400.0,174852.0,45974.0,600779.0
Delaware,2011,42602.0,104599.0,173692.0,49862.0,611120.0
Delaware,2012,44331.0,111921.0,173099.0,52001.0,618612.0
Delaware,2013,48277.0,108075.0,175148.0,57865.0,629730.0
Delaware,2014,50787.0,116931.0,178275.0,57035.0,640343.0
Delaware,2015,52556.0,117581.0,171293.0,60228.0,652636.0
Delaware,2016,52228.0,121717.0,188694.0,58672.0,662547.0
Delaware,2017,51777.0,121442.0,196249.0,65823.0,673686.0
Delaware,2018,51648.0,124178.0,206004.0,66391.0,679700.0
Delaware,2019,56885.0,134287.0,183375.0,69023.0,687311.0
District of Columbia,2008,11990.0,87093.0,68599.0,60583.0,403768.0
District of Columbia,2009,10728.0,84646.0,71520.0,64982.0,413396.0
District of Columbia,2010,13337.0,96573.0,71709.0,63707.0,416824.0
District of Columbia,2011,11907.0,99622.0,64742.0,74134.0,428261.0
District of Columbia,2012,14083.0,100904.0,69175.0,77488.0,439531.0
District of Columbia,2013,13818.0,102958.0,72608.0,88292.0,453014.0
District of Columbia,2014,15936.0,112706.0,71358.0,86777.0,463211.0
District of Columbia,2015,14002.0,112629.0,69891.0,97445.0,472884.0
District of Columbia,2016,14086.0,115097.0,73974.0,98988.0,480158.0
District of Columbia,2017,15722.0,118172.0,72373.0,103144.0,494614.0
District of Columbia,2018,13948.0,129782.0,67855.0,109855.0,500176.0
District of Columbia,2019,16922.0,129825.0,67492.0,107612.0,505145.0
Florida,2008,1061658.0,2134466.0,3265311.0,771580.0,12699412.0
Florida,2009,1083545.0,2081848.0,3315145.0,774248.0,12800944.0
Florida,2010,1121500.0,2171876.0,3373011.0,810726.0,13077179.0
Florida,2011,1175984.0,2190780.0,3481927.0,843014.0,13267581.0
Florida,2012,1236800.0,2329936.0,3457338.0,874523.0,13503747.0
Florida,2013,1300616.0,2409162.0,3461436.0,902539.0,13726996.0
Florida,2014,1358245.0,2448663.0,3557737.0,964916.0,14041196.0
Florida,2015,1383565.0,2620339.0,3596122.0,1012174.0,14394281.0
Florida,2016,1429121.0,2675907.0,3629364.0,1061264.0,14703671.0
Florida,2017,1507434.0,2839500.0,3711112.0,1127371.0,15020177.0
Florida,2018,1489510.0,2920459.0,3752049.0,1190545.0,15302125.0
Florida,2019,1538727.0,2982643.0,3739283.0,1235227.0,15484502.0
Georgia,2008,401040.0,1100034.0,1521176.0,424577.0,6191871.0
Georgia,2009,401660.0,1096655.0,1514549.0,430420.0,6230326.0
Georgia,2010,422830.0,1093642.0,1516328.0,422766.0,6235623.0
Georgia,2011,419954.0,1119648.0,1551404.0,435733.0,6308961.0
Georgia,2012,453039.0,1140757.0,1492541.0,468599.0,6403838.0
Georgia,2013,477132.0,1149847.0,1528378.0,481823.0,6472172.0
Georgia,2014,462543.0,1199733.0,1552824.0,503513.0,6576408.0
Georgia,2015,496008.0,1244449.0,1560987.0,534649.0,6683767.0
Georgia,2016,518208.0,1270275.0,1550795.0,560593.0,6785395.0
Georgia,2017,540564.0,1311611.0,1607824.0,585455.0,6896026.0
Georgia,2018,562774.0,1362317.0,1612167.0,606345.0,6978172.0
Georgia,2019,568130.0,1410395.0,1611419.0,640949.0,7080222.0
Hawaii,2008,85014.0,167681.0,229702.0,55608.0,873046.0
Hawaii,2009,87354.0,173274.0,233047.0,55549.0,882883.0
Hawaii,2010,85655.0,184364.0,242167.0,57405.0,926928.0
Hawaii,2011,94200.0,180231.0,245566.0,63432.0,939512.0
Hawaii,2012,95686.0,186586.0,244511.0,66566.0,952281.0
Hawaii,2013,100056.0,199229.0,242657.0,66047.0,959903.0
Hawaii,2014,102149.0,200315.0,256074.0,66113.0,974586.0
Hawaii,2015,105951.0,205033.0,245751.0,66761.0,985914.0
Hawaii,2016,104261.0,211850.0,255380.0,67803.0,990937.0
Hawaii,2017,106987.0,216993.0,258133.0,77325.0,997744.0
Hawaii,2018,110557.0,218828.0,244008.0,79475.0,995589.0
Hawaii,2019,106096.0,219979.0,245865.0,77835.0,996668.0
Idaho,2008,82006.0,159133.0,223911.0,47955.0,959162.0
Idaho,2009,80424.0,157721.0,228808.0,50637.0,963730.0
Idaho,2010,81703.0,165218.0,230584.0,50378.0,987829.0
Idaho,2011,88949.0,174646.0,224424.0,55345.0,998460.0
Idaho,2012,91295.0,175020.0,229196.0,56911.0,1012786.0
Idaho,2013,93044.0,185216.0,229258.0,59491.0,1026889.0
Idaho,2014,97174.0,175108.0,240690.0,58255.0,1045193.0
Idaho,2015,102284.0,189566.0,233224.0,60161.0,1065982.0
Idaho,2016,104375.0,203363.0,243314.0,65673.0,1087265.0
Idaho,2017,107505.0,202800.0,248246.0,66560.0,1111788.0
Idaho,2018,113323.0,213462.0,256141.0,72465.0,1143747.0
Idaho,2019,124584.0,220189.0,252180.0,81863.0,1170997.0
Illinois,2008,608705.0,1565010.0,2002286.0,677947.0,8393247.0
Illinois,2009,615678.0,1593889.0,2007000.0,722570.0,8437673.0
Illinois,2010,609204.0,1629625.0,2035135.0,702793.0,8465762.0
Illinois,2011,622949.0,1645334.0,2054602.0,712735.0,8521694.0
Illinois,2012,647039.0,1684348.0,2006099.0,751407.0,8558895.0
Illinois,2013,654943.0,1698605.0,2007048.0,776179.0,8593665.0
Illinois,2014,670372.0,1737022.0,1985764.0,808866.0,8639076.0
Illinois,2015,698002.0,1757697.0,2004321.0,803408.0,8661938.0
Illinois,2016,682989.0,1813840.0,1942508.0,830129.0,8665219.0
Illinois,2017,692672.0,1829903.0,1956954.0,857509.0,8707057.0
Illinois,2018,704851.0,1833666.0,1954212.0,887459.0,8706376.0
Illinois,2019,710058.0,1886240.0,1935552.0,892226.0,8694694.0
Indiana,2008,313410.0,617092.0,1265984.0,242891.0,4177420.0
Indiana,2009,315650.0,606497.0,1277886.0,243990.0,4193210.0
Indiana,2010,315927.0,617193.0,1314266.0,249013.0,4229798.0
Indiana,2011,334810.0,628173.0,1301470.0,255703.0,4255459.0
Indiana,2012,347606.0,643210.0,1288444.0,259870.0,4278945.0
Indiana,2013,352907.0,655276.0,1256522.0,273795.0,4312892.0
Indiana,2014,367996.0,682893.0,1263948.0,290178.0,4342916.0
Indiana,2015,364142.0,697223.0,1274406.0,286021.0,4363573.0
Indiana,2016,374136.0,716293.0,1250854.0,301847.0,4392576.0
Indiana,2017,394092.0,753268.0,1216294.0,320548.0,4435317.0
Indiana,2018,397824.0,771811.0,1255109.0,325867.0,4467893.0
Indiana,2019,397627.0,777771.0,1286464.0,318939.0,4502015.0
Iowa,2008,191386.0,335245.0,583832.0,96911.0,1979224.0
Iowa,2009,201612.0,350245.0,577249.0,101993.0,1980897.0
Iowa,2010,202577.0,344952.0,599922.0,110369.0,2018785.0
Iowa,2011,211899.0,358051.0,589057.0,113481.0,2027201.0
Iowa,2012,226481.0,368331.0,578840.0,117508.0,2036993.0
Iowa,2013,226473.0,370188.0,583114.0,116336.0,2048270.0
Iowa,2014,233906.0,383943.0,571438.0,129844.0,2062734.0
Iowa,2015,236728.0,377035.0,578730.0,124708.0,2074504.0
Iowa,2016,234055.0,398242.0,569965.0,135083.0,2087020.0
Iowa,2017,242738.0,406630.0,554936.0,141796.0,2093909.0
Iowa,2018,247997.0,413442.0,566515.0,133905.0,2104792.0
Iowa,2019,251578.0,420199.0,575335.0,141152.0,2123004.0
Kansas,2008,134503.0,353290.0,430062.0,130565.0,1806450.0
Kansas,2009,129360.0,348274.0,436251.0,135787.0,1809054.0
Kansas,2010,135842.0,354379.0,435178.0,138809.0,1840681.0
Kansas,2011,137051.0,365541.0,431469.0,141195.0,1852094.0
Kansas,2012,149866.0,362899.0,432186.0,149868.0,1863224.0
Kansas,2013,146088.0,374418.0,416030.0,148912.0,1872445.0
Kansas,2014,153284.0,381292.0,419478.0,156450.0,1881521.0
Kansas,2015,158308.0,384495.0,422313.0,157694.0,1888479.0
Kansas,2016,157030.0,390861.0,419534.0,170982.0,1891936.0
Kansas,2017,167548.0,403542.0,418378.0,180331.0,1904528.0
Kansas,2018,170965.0,402368.0,407584.0,179315.0,1911426.0
Kansas,2019,173251.0,414851.0,424095.0,176966.0,1918081.0
Kentucky,2008,192580.0,337111.0,789599.0,162109.0,2872922.0
Kentucky,2009,187874.0,358687.0,777372.0,176453.0,2877333.0
Kentucky,2010,198229.0,359930.0,802733.0,169201.0,2903308.0
Kentucky,2011,203585.0,359975.0,784978.0,183043.0,2922350.0
Kentucky,2012,211692.0,378979.0,800468.0,185306.0,2935461.0
Kentucky,2013,224279.0,392610.0,779831.0,198007.0,2953653.0
Kentucky,2014,228473.0,386963.0,789610.0,197252.0,2967181.0
Kentucky,2015,235061.0,406865.0,799916.0,207579.0,2988790.0
Kentucky,2016,256369.0,419081.0,769421.0,202997.0,2995509.0
Kentucky,2017,241585.0,423916.0,794365.0,213672.0,3018953.0
Kentucky,2018,261964.0,442090.0,788407.0,226181.0,3039414.0
Kentucky,2019,260188.0,453040.0,814916.0,221989.0,3048442.0
Louisiana,2008,137845.0,389972.0,838376.0,121972.0,2830500.0
Louisiana,2009,139674.0,419316.0,847531.0,132638.0,2896932.0
Louisiana,2010,151174.0,424074.0,854229.0,136832.0,2945907.0
Louisiana,2011,155360.0,415415.0,864302.0,144023.0,2972737.0
Louisiana,2012,160063.0,433223.0,869245.0,155282.0,3006605.0
Louisiana,2013,164926.0,453347.0,863613.0,152983.0,3034973.0
Louisiana,2014,165066.0,463860.0,876986.0,160595.0,3060688.0
Louisiana,2015,189683.0,470739.0,884714.0,170535.0,3095255.0
Louisiana,2016,187288.0,473299.0,891304.0,169554.0,3115020.0
Louisiana,2017,185409.0,482439.0,896962.0,178692.0,3120277.0
Louisiana,2018,203074.0,496634.0,903233.0,183295.0,3125733.0
Louisiana,2019,202310.0,503947.0,893425.0,194070.0,3140201.0
Maine,2008,83959.0,153102.0,280291.0,59024.0,928594.0
Maine,2009,81337.0,160080.0,268297.0,62185.0,924973.0
Maine,2010,84698.0,162350.0,274840.0,64297.0,937014.0
Maine,2011,83864.0,168605.0,267962.0,69554.0,942537.0
Maine,2012,85732.0,171449.0,278442.0,65911.0,947017.0
Maine,2013,91720.0,172498.0,268512.0,67663.0,953962.0
Maine,2014,93426.0,185890.0,263085.0,69374.0,959407.0
Maine,2015,93335.0,187513.0,265076.0,71715.0,961240.0
Maine,2016,94984.0,181434.0,272769.0,79538.0,966569.0
Maine,2017,100214.0,193860.0,252708.0,84719.0,971740.0
Maine,2018,95274.0,197489.0,258061.0,79762.0,983382.0
Maine,2019,99008.0,205722.0,264179.0,87322.0,991152.0
Maryland,2008,230850.0,739285.0,861570.0,385466.0,3741795.0
Maryland,2009,234060.0,748377.0,898333.0,407755.0,3797739.0
Maryland,2010,244750.0,762917.0,891737.0,426847.0,3873474.0
Maryland,2011,245892.0,800177.0,901390.0,438160.0,3915657.0
Maryland,2012,251712.0,795930.0,918055.0,460951.0,3972135.0
Maryland,2013,252612.0,814992.0,902742.0,472174.0,4018701.0
Maryland,2014,265874.0,841315.0,917417.0,489164.0,4062813.0
Maryland,2015,266499.0,866352.0,901946.0,505272.0,4102486.0
Maryland,2016,268485.0,860491.0,914616.0,528502.0,4122508.0
Maryland,2017,285379.0,889090.0,891835.0,534613.0,4167604.0
Maryland,2018,281787.0,911761.0,878231.0,546260.0,4167339.0
Maryland,2019,287293.0,911781.0,903664.0,553133.0,4183858.0
Massachusetts,2008,331517.0,956049.0,1043266.0,498721.0,4397927.0
Massachusetts,2009,347972.0,980758.0,1053369.0,511504.0,4490445.0
Massachusetts,2010,337594.0,992307.0,1036523.0,525464.0,4458898.0
Massachusetts,2011,349778.0,1004133.0,1036573.0,528851.0,4502048.0
Massachusetts,2012,347381.0,1011713.0,1048250.0,541323.0,4556609.0
Massachusetts,2013,355093.0,1037415.0,1053415.0,571811.0,4604795.0
Massachusetts,2014,365816.0,1077993.0,1027761.0,594755.0,4654351.0
Massachusetts,2015,362478.0,1086715.0,1051158.0,601150.0,4706644.0
Massachusetts,2016,363356.0,1124295.0,1023967.0,629351.0,4727515.0
Massachusetts,2017,360700.0,1146586.0,1033358.0,653567.0,4788573.0
Massachusetts,2018,366687.0,1178868.0,995993.0,681633.0,4832728.0
Massachusetts,2019,360810.0,1197208.0,1015844.0,692415.0,4850576.0
Michigan,2008,534335.0,1015678.0,1793375.0,446993.0,6627768.0
Michigan,2009,543759.0,1005499.0,1797817.0,457832.0,6624875.0
Michigan,2010,549148.0,1023760.0,1770917.0,466019.0,6569801.0
Michigan,2011,555968.0,1037602.0,1766599.0,473641.0,6588324.0
Michigan,2012,575915.0,1062110.0,1758949.0,490025.0,6621018.0
Michigan,2013,594224.0,1089029.0,1705953.0,514299.0,6645295.0
Michigan,2014,618746.0,1105362.0,1709421.0,529318.0,6680525.0
Michigan,2015,622089.0,1145546.0,1704085.0,535769.0,6728347.0
Michigan,2016,626128.0,1162737.0,1702082.0,547241.0,6760402.0
Michigan,2017,649916.0,1201375.0,1705561.0,588250.0,6819310.0
Michigan,2018,657727.0,1239251.0,1695003.0,590176.0,6869846.0
Michigan,2019,648794.0,1252685.0,1732283.0,606220.0,6894627.0
Minnesota,2008,333882.0,744626.0,843296.0,232531.0,3456013.0
Minnesota,2009,339711.0,738972.0,861902.0,249118.0,3486153.0
Minnesota,2010,353299.0,760013.0,852174.0,252536.0,3528096.0
Minnesota,2011,368032.0,777339.0,849563.0,258399.0,3560801.0
Minnesota,2012,381595.0,807626.0,840396.0,272778.0,3600744.0
Minnesota,2013,386177.0,813237.0,841327.0,279738.0,3629333.0
Minnesota,2014,404201.0,834094.0,827997.0,295956.0,3672583.0
Minnesota,2015,413953.0,847584.0,823342.0,305569.0,3700935.0
Minnesota,2016,429762.0,860125.0,821200.0,304937.0,3725283.0
Minnesota,2017,426760.0,888880.0,821473.0,330787.0,3778416.0
Minnesota,2018,445513.0,920850.0,805258.0,337189.0,3809229.0
Minnesota,2019,442578.0,942830.0,824041.0,350476.0,3847212.0
Mississippi,2008,145996.0,234364.0,455205.0,88710.0,1862456.0
Mississippi,2009,131978.0,234032.0,460788.0,90007.0,1865862.0
Mississippi,2010,159702.0,236965.0,474655.0,96893.0,1904406.0
Mississippi,2011,159186.0,240726.0,471391.0,95403.0,1912708.0
Mississippi,2012,160169.0,249319.0,462900.0,105946.0,1911968.0
Mississippi,2013,162584.0,248488.0,478850.0,104166.0,1931054.0
Mississippi,2014,167835.0,254250.0,466649.0,112856.0,1950710.0
Mississippi,2015,179135.0,253036.0,478161.0,111893.0,1952337.0
Mississippi,2016,177695.0,264865.0,477515.0,113113.0,1957022.0
Mississippi,2017,198080.0,265220.0,474462.0,117007.0,1959341.0
Mississippi,2018,200375.0,284701.0,475011.0,122992.0,1977283.0
Mississippi,2019,207448.0,270712.0,470174.0,124266.0,1979664.0
Missouri,2008,263099.0,621851.0,1070280.0,255751.0,3915849.0
Missouri,2009,262736.0,623479.0,1079458.0,274878.0,3961562.0
Missouri,2010,271659.0,639352.0,1086599.0,272880.0,3984849.0
Missouri,2011,286363.0,656222.0,1079432.0,278278.0,4008554.0
Missouri,2012,287670.0,670388.0,1086729.0,284631.0,4023641.0
Missouri,2013,305928.0,685991.0,1081768.0,293327.0,4047283.0
Missouri,2014,304044.0,696669.0,1083421.0,307730.0,4076767.0
Missouri,2015,316815.0,706922.0,1081298.0,320428.0,4097212.0
Missouri,2016,325244.0,729511.0,1083372.0,324191.0,4121014.0
Missouri,2017,326430.0,743797.0,1085755.0,333121.0,4150275.0
Missouri,2018,341000.0,754906.0,1080418.0,351868.0,4182787.0
Missouri,2019,333721.0,775808.0,1108345.0,361205.0,4206162.0
Montana,2008,49516.0,121576.0,167663.0,36162.0,648277.0
Montana,2009,51322.0,123649.0,172150.0,37499.0,648828.0
Montana,2010,53464.0,133356.0,172340.0,38539.0,672952.0
Montana,2011,56859.0,132946.0,171737.0,38774.0,676793.0
Montana,2012,57590.0,138862.0,167970.0,42619.0,686770.0
Montana,2013,58287.0,135518.0,171036.0,44501.0,689169.0
Montana,2014,57211.0,135401.0,179135.0,48606.0,695850.0
Montana,2015,60796.0,144135.0,191118.0,50044.0,706329.0
Montana,2016,66134.0,148944.0,172231.0,48718.0,712616.0
Montana,2017,65772.0,157326.0,169931.0,53533.0,723666.0
Montana,2018,71397.0,152448.0,170480.0,57723.0,735761.0
Montana,2019,69400.0,171309.0,175333.0,52425.0,741950.0
Nebraska,2008,103164.0,213091.0,299334.0,66587.0,1151267.0
Nebraska,2009,107574.0,214419.0,290089.0,70105.0,1153230.0
Nebraska,2010,106676.0,232326.0,294198.0,73363.0,1184379.0
Nebraska,2011,114551.0,225822.0,308346.0,73911.0,1196112.0
Nebraska,2012,117719.0,233054.0,292831.0,83862.0,1206908.0
Nebraska,2013,119325.0,238160.0,288248.0,81414.0,1215208.0
Nebraska,2014,126818.0,247729.0,288812.0,82051.0,1224701.0
Nebraska,2015,125055.0,244556.0,289281.0,90029.0,1232583.0
Nebraska,2016,129795.0,261931.0,286360.0,90070.0,1243820.0
Nebraska,2017,128547.0,263330.0,287016.0,95439.0,1259254.0
Nebraska,2018,137646.0,269675.0,283093.0,100126.0,1266440.0
Nebraska,2019,141189.0,277159.0,282195.0,104377.0,1271770.0
Nevada,2008,120278.0,254739.0,426949.0,82770.0,1710130.0
Nevada,2009,131339.0,245697.0,436008.0,91537.0,1728239.0
Nevada,2010,126202.0,256589.0,465362.0,88194.0,1789530.0
Nevada,2011,129688.0,269461.0,456962.0,90902.0,1810960.0
Nevada,2012,138034.0,272846.0,457175.0,95659.0,1840642.0
Nevada,2013,152516.0,282283.0,455188.0,97337.0,1872884.0
Nevada,2014,154943.0,291473.0,462876.0,105579.0,1919598.0
Nevada,2015,159610.0,304948.0,473687.0,112195.0,1968167.0
Nevada,2016,156342.0,308547.0,498977.0,114345.0,2010610.0
Nevada,2017,165508.0,340110.0,511692.0,120878.0,2063180.0
Nevada,2018,176618.0,339675.0,496764.0,124305.0,2096574.0
Nevada,2019,187469.0,355837.0,501540.0,132910.0,2136466.0
New Hampshire,2008,83703.0,192469.0,224980.0,81088.0,903088.0
New Hampshire,2009,86666.0,187812.0,231912.0,75447.0,902747.0
New Hampshire,2010,90731.0,185129.0,236495.0,83983.0,907755.0
New Hampshire,2011,86730.0,191748.0,232985.0,84488.0,914207.0
New Hampshire,2012,87025.0,201804.0,233128.0,87156.0,919883.0
New Hampshire,2013,87766.0,202495.0,232141.0,87955.0,924568.0
New Hampshire,2014,91285.0,201723.0,228002.0,92567.0,931304.0
New Hampshire,2015,91199.0,205513.0,225386.0,97780.0,937214.0
New Hampshire,2016,97488.0,213461.0,217686.0,101003.0,947586.0
New Hampshire,2017,97978.0,216750.0,227076.0,104196.0,958005.0
New Hampshire,2018,99230.0,217282.0,228576.0,104805.0,970748.0
New Hampshire,2019,96658.0,224636.0,232289.0,109702.0,979750.0
New Jersey,2008,368268.0,1266033.0,1573798.0,531683.0,5864395.0
New Jersey,2009,364544.0,1273186.0,1583896.0,547305.0,5905302.0
New Jersey,2010,367832.0,1321937.0,1614991.0,567392.0,5970904.0
New Jersey,2011,368288.0,1322225.0,1613814.0,569427.0,6004613.0
New Jersey,2012,372831.0,1359609.0,1585222.0,597429.0,6049352.0
New Jersey,2013,390906.0,1374616.0,1588693.0,615250.0,6086705.0
New Jersey,2014,391582.0,1415973.0,1577888.0,633971.0,6127931.0
New Jersey,2015,392077.0,1437307.0,1602910.0,638113.0,6166384.0
New Jersey,2016,400332.0,1460518.0,1541029.0,670786.0,6171172.0
New Jersey,2017,418148.0,1506899.0,1542650.0,712061.0,6234538.0
New Jersey,2018,409253.0,1535321.0,1481835.0,707352.0,6189243.0
New Jersey,2019,398984.0,1555781.0,1518321.0,720869.0,6191229.0
New Mexico,2008,94904.0,178600.0,277362.0,96052.0,1278005.0
New Mexico,2009,95854.0,192548.0,282463.0,91400.0,1290920.0
New Mexico,2010,94493.0,189989.0,296124.0,100346.0,1341329.0
New Mexico,2011,101180.0,195527.0,302561.0,102579.0,1354186.0
New Mexico,2012,111952.0,202552.0,298375.0,106967.0,1360330.0
New Mexico,2013,105811.0,204226.0,300111.0,110651.0,1361846.0
New Mexico,2014,109771.0,206947.0,299171.0,110475.0,1373822.0
New Mexico,2015,106315.0,198116.0,297144.0,115927.0,1377548.0
New Mexico,2016,116674.0,215691.0,310743.0,116006.0,1391381.0
New Mexico,2017,117531.0,211995.0,306790.0,115804.0,1391475.0
New Mexico,2018,113481.0,221735.0,303375.0,119066.0,1416481.0
New Mexico,2019,129531.0,221281.0,309449.0,119825.0,1425988.0
New York,2008,1054806.0,2368483.0,3115089.0,1273563.0,13072344.0
New York,2009,1100827.0,2434198.0,3151131.0,1303712.0,13197392.0
New York,2010,1072055.0,2433331.0,3150648.0,1307200.0,13089848.0
New York,2011,1091931.0,2467536.0,3152002.0,1342831.0,13197704.0
New York,2012,1128596.0,2531374.0,3081374.0,1371561.0,13309761.0
New York,2013,1157285.0,2589891.0,3086672.0,1435339.0,13419310.0
New York,2014,1163427.0,2651150.0,3074611.0,1459502.0,13539612.0
New York,2015,1155067.0,2727078.0,3085341.0,1474536.0,13641473.0
New York,2016,1191816.0,2749619.0,3036385.0,1521940.0,13653592.0
New York,2017,1218132.0,2794920.0,3078045.0,1592075.0,13821132.0
New York,2018,1193573.0,2846770.0,3003726.0,1618369.0,13672343.0
New York,2019,1204588.0,2898440.0,2981084.0,1633516.0,13664734.0
North Carolina,2008,497276.0,1060313.0,1412377.0,371435.0,6085315.0
North Carolina,2009,524739.0,1091506.0,1410601.0,380622.0,6150247.0
North Carolina,2010,545716.0,1123118.0,1473262.0,386138.0,6325621.0
North Carolina,2011,558745.0,1136478.0,1476234.0,417351.0,6399357.0
North Carolina,2012,562049.0,1170056.0,1475044.0,436058.0,6489883.0
North Carolina,2013,574725.0,1211484.0,1447342.0,468270.0,6568110.0
North Carolina,2014,614392.0,1239857.0,1484395.0,481543.0,6661937.0
North Carolina,2015,623813.0,1277412.0,1483455.0,511174.0,6762644.0
North Carolina,2016,654866.0,1345615.0,1472415.0,543876.0,6877185.0
North Carolina,2017,658224.0,1406739.0,1508979.0,571243.0,6991185.0
North Carolina,2018,701016.0,1454678.0,1504782.0,585019.0,7102144.0
North Carolina,2019,727882.0,1471420.0,1537065.0,615828.0,7187077.0
North Dakota,2008,51090.0,85130.0,99517.0,19474.0,418893.0
North Dakota,2009,51444.0,80126.0,98900.0,20669.0,419435.0
North Dakota,2010,51857.0,87414.0,103470.0,24546.0,442946.0
North Dakota,2011,58753.0,86615.0,105369.0,21053.0,448145.0
North Dakota,2012,56223.0,89629.0,111239.0,25163.0,457904.0
North Dakota,2013,64445.0,93470.0,111666.0,23965.0,467815.0
North Dakota,2014,64475.0,94873.0,115457.0,24779.0,478850.0
North Dakota,2015,64255.0,105625.0,117123.0,24169.0,492017.0
North Dakota,2016,67554.0,107578.0,115825.0,28550.0,495015.0
North Dakota,2017,66236.0,108045.0,111058.0,30784.0,495904.0
North Dakota,2018,74715.0,110664.0,111463.0,26850.0,500779.0
North Dakota,2019,70716.0,108527.0,112015.0,31714.0,504375.0
Ohio,2008,567394.0,1179230.0,2430311.0,476942.0,7664309.0
Ohio,2009,564275.0,1183146.0,2431678.0,492385.0,7738348.0
Ohio,2010,602445.0,1210527.0,2425147.0,494391.0,7720849.0
Ohio,2011,602825.0,1196897.0,2404732.0,513723.0,7749236.0
Ohio,2012,625983.0,1240747.0,2385539.0,528409.0,7770716.0
Ohio,2013,639633.0,1279678.0,2362627.0,552339.0,7805254.0
Ohio,2014,659197.0,1301747.0,2372992.0,576319.0,7857460.0
Ohio,2015,679330.0,1329009.0,2360280.0,573041.0,7896470.0
Ohio,2016,682507.0,1362205.0,2333030.0,598321.0,7922061.0
Ohio,2017,698820.0,1381934.0,2350637.0,626841.0,7981885.0
Ohio,2018,690735.0,1431014.0,2307090.0,660793.0,8027035.0
Ohio,2019,702601.0,1464945.0,2314611.0,660656.0,8049805.0
Oklahoma,2008,161141.0,353517.0,634144.0,117398.0,2359350.0
Oklahoma,2009,158883.0,364742.0,633931.0,124213.0,2376783.0
Oklahoma,2010,166649.0,376600.0,660833.0,130327.0,2449213.0
Oklahoma,2011,172761.0,396219.0,656408.0,136076.0,2469196.0
Oklahoma,2012,180387.0,393930.0,662794.0,142002.0,2487456.0
Oklahoma,2013,179720.0,402956.0,684772.0,136617.0,2506437.0
Oklahoma,2014,185914.0,405799.0,668381.0,145813.0,2529885.0
Oklahoma,2015,188756.0,421765.0,681323.0,149714.0,2557863.0
Oklahoma,2016,203590.0,432922.0,674289.0,157183.0,2571636.0
Oklahoma,2017,208717.0,437243.0,677688.0,161597.0,2586414.0
Oklahoma,2018,207381.0,434570.0,687231.0,167497.0,2607613.0
Oklahoma,2019,207896.0,447888.0,685190.0,166623.0,2619244.0
Oregon,2008,211680.0,465367.0,547394.0,177520.0,2580555.0
Oregon,2009,212845.0,484488.0,523306.0,185851.0,2586798.0
Oregon,2010,203853.0,478133.0,534940.0,186388.0,2614886.0
Oregon,2011,215713.0,486317.0,545935.0,200641.0,2644754.0
Oregon,2012,219073.0,497130.0,545481.0,212460.0,2671772.0
Oregon,2013,228207.0,521031.0,529879.0,218084.0,2704043.0
Oregon,2014,231853.0,528064.0,541003.0,224113.0,2746957.0
Oregon,2015,245431.0,566244.0,525568.0,233801.0,2804461.0
Oregon,2016,244515.0,572508.0,526763.0,247973.0,2857952.0
Oregon,2017,255783.0,609160.0,547333.0,260431.0,2901195.0
Oregon,2018,269508.0,621190.0,534813.0,266350.0,2952380.0
Oregon,2019,269102.0,627911.0,561087.0,278908.0,2988118.0
Pennsylvania,2008,625930.0,1382175.0,2848361.0,582840.0,8475332.0
Pennsylvania,2009,624436.0,1394249.0,2916440.0,611013.0,8609133.0
Pennsylvania,2010,638002.0,1445223.0,2906937.0,628765.0,8654829.0
Pennsylvania,2011,658863.0,1443083.0,2922222.0,643588.0,8714235.0
Pennsylvania,2012,688751.0,1484305.0,2870894.0,665499.0,8756317.0
Pennsylvania,2013,692226.0,1540228.0,2852262.0,703617.0,8809510.0
Pennsylvania,2014,700919.0,1554120.0,2871756.0,729846.0,8858865.0
Pennsylvania,2015,739478.0,1611499.0,2814891.0,740396.0,8895727.0
Pennsylvania,2016,730217.0,1676971.0,2787677.0,765331.0,8921975.0
Pennsylvania,2017,747997.0,1697397.0,2789937.0,800211.0,8960842.0
Pennsylvania,2018,773645.0,1723226.0,2761942.0,808356.0,8994627.0
Pennsylvania,2019,775694.0,1761627.0,2758116.0,827626.0,9028036.0
Puerto Rico,2008,217084.0,398934.0,516182.0,94481.0,2571234.0
Puerto Rico,2009,222600.0,419040.0,567089.0,93824.0,2595507.0
Puerto Rico,2010,212186.0,389954.0,541967.0,104324.0,2444933.0
Puerto Rico,2011,215478.0,416008.0,573636.0,102061.0,2443515.0
Puerto Rico,2012,219146.0,428778.0,583325.0,113029.0,2432137.0
Puerto Rico,2013,233730.0,416877.0,590396.0,112725.0,2417418.0
Puerto Rico,2014,223726.0,417133.0,608205.0,113643.0,2400677.0
Puerto Rico,2015,228508.0,424255.0,582643.0,115599.0,2382526.0
Puerto Rico,2016,237746.0,433120.0,591067.0,112925.0,2372197.0
Puerto Rico,2017,242776.0,428558.0,593528.0,121293.0,2343675.0
Puerto Rico,2018,241678.0,430692.0,593674.0,120713.0,2288030.0
Puerto Rico,2019,258905.0,443589.0,595413.0,124314.0,2301735.0
Rhode Island,2008,53648.0,132534.0,166836.0,57113.0,708746.0
Rhode Island,2009,58849.0,134035.0,166719.0,57940.0,715565.0
Rhode Island,2010,52759.0,128188.0,160200.0,62231.0,709979.0
Rhode Island,2011,59485.0,134049.0,156391.0,63669.0,712266.0
Rhode Island,2012,62628.0,132903.0,165835.0,64882.0,712271.0
Rhode Island,2013,59867.0,142598.0,162950.0,62198.0,719956.0
Rhode Island,2014,59701.0,131408.0,173794.0,61834.0,725871.0
Rhode Island,2015,62153.0,141131.0,171457.0,69245.0,730083.0
Rhode Island,2016,60183.0,151195.0,167783.0,70435.0,734045.0
Rhode Island,2017,58876.0,149699.0,185518.0,68812.0,736969.0
Rhode Island,2018,61601.0,147507.0,176913.0,78052.0,740695.0
Rhode Island,2019,64204.0,156087.0,178974.0,72512.0,746952.0
South Carolina,2008,251946.0,449200.0,785787.0,180739.0,2960522.0
South Carolina,2009,253400.0,480232.0,789199.0,185794.0,3019333.0
South Carolina,2010,259417.0,484341.0,802730.0,198055.0,3074357.0
South Carolina,2011,266173.0,486569.0,825273.0,189771.0,3110532.0
South Carolina,2012,281401.0,504036.0,796955.0,212122.0,3151616.0
South Carolina,2013,284604.0,529944.0,795318.0,223844.0,3198816.0
South Carolina,2014,288524.0,543917.0,839898.0,232819.0,3260929.0
South Carolina,2015,312720.0,575843.0,829223.0,234180.0,3319832.0
South Carolina,2016,317549.0,591086.0,834907.0,242201.0,3388476.0
South Carolina,2017,330153.0,607024.0,861201.0,262659.0,3443851.0
South Carolina,2018,354718.0,627144.0,882586.0,268230.0,3492355.0
South Carolina,2019,352549.0,656496.0,859406.0,302770.0,3563204.0
South Dakota,2008,50505.0,92952.0,148037.0,24310.0,522989.0
South Dakota,2009,50545.0,93321.0,148505.0,25027.0,523836.0
South Dakota,2010,53362.0,98760.0,146863.0,28369.0,532379.0
South Dakota,2011,52340.0,97956.0,143131.0,31868.0,537588.0
South Dakota,2012,53971.0,98719.0,153301.0,29714.0,544292.0
South Dakota,2013,62856.0,104240.0,147676.0,29835.0,550959.0
South Dakota,2014,62802.0,111108.0,146637.0,30003.0,555488.0
South Dakota,2015,62294.0,110562.0,150248.0,30370.0,563108.0
South Dakota,2016,65093.0,111002.0,139760.0,35829.0,565894.0
South Dakota,2017,62204.0,109803.0,152075.0,35691.0,574559.0
South Dakota,2018,70838.0,117943.0,152145.0,36966.0,582850.0
South Dakota,2019,69831.0,121231.0,152869.0,38132.0,588029.0
Tennessee,2008,251702.0,620919.0,1114556.0,225766.0,4176640.0
Tennessee,2009,257969.0,636544.0,1139037.0,227079.0,4213368.0
Tennessee,2010,263107.0,621127.0,1166714.0,247545.0,4242391.0
Tennessee,2011,259365.0,655551.0,1175995.0,242616.0,4294392.0
Tennessee,2012,283901.0,680286.0,1166971.0,257964.0,4336473.0
Tennessee,2013,291304.0,681475.0,1159044.0,274942.0,4370035.0
Tennessee,2014,296099.0,717801.0,1195880.0,280082.0,4425073.0
Tennessee,2015,300500.0,719980.0,1204266.0,306012.0,4473487.0
Tennessee,2016,328595.0,756055.0,1199477.0,303704.0,4527198.0
Tennessee,2017,332593.0,790840.0,1220422.0,327029.0,4588453.0
Tennessee,2018,348066.0,801616.0,1213413.0,328826.0,4640823.0
Tennessee,2019,348886.0,845100.0,1214437.0,351914.0,4693962.0
Texas,2008,951090.0,2582943.0,3146485.0,884047.0,15124846.0
Texas,2009,944093.0,2618635.0,3194584.0,924646.0,15361557.0
Texas,2010,1000561.0,2733721.0,3302510.0,967482.0,15772122.0
Texas,2011,1052281.0,2847501.0,3372752.0,995078.0,16074391.0
Texas,2012,1079819.0,2903294.0,3385514.0,1076580.0,16390379.0
Texas,2013,1090662.0,3044921.0,3422208.0,1123846.0,16673656.0
Texas,2014,1147113.0,3104847.0,3526354.0,1184625.0,17087888.0
Texas,2015,1204220.0,3266266.0,3639623.0,1239900.0,17472861.0
Texas,2016,1259574.0,3362678.0,3701336.0,1281070.0,17775280.0
Texas,2017,1323957.0,3510311.0,3765663.0,1371324.0,18149346.0
Texas,2018,1334999.0,3627047.0,3801672.0,1438527.0,18477097.0
Texas,2019,1402600.0,3750797.0,3924228.0,1484968.0,18772550.0
Utah,2008,147843.0,306131.0,334414.0,102498.0,1554634.0
Utah,2009,143646.0,304181.0,349117.0,101453.0,1573179.0
Utah,2010,143171.0,315627.0,343912.0,105098.0,1584824.0
Utah,2011,148367.0,322983.0,340013.0,108782.0,1608668.0
Utah,2012,159358.0,333947.0,327025.0,119791.0,1641335.0
Utah,2013,159320.0,348502.0,333172.0,123296.0,1670449.0
Utah,2014,168810.0,353832.0,346201.0,127178.0,1704734.0
Utah,2015,159609.0,368302.0,369046.0,133071.0,1741949.0
Utah,2016,178193.0,381130.0,354303.0,140249.0,1783244.0
Utah,2017,172999.0,416804.0,354114.0,157207.0,1827035.0
Utah,2018,191808.0,427561.0,367329.0,160409.0,1871902.0
Utah,2019,184777.0,448109.0,384357.0,156469.0,1911592.0
Vermont,2008,37553.0,85431.0,124856.0,37108.0,429859.0
Vermont,2009,35647.0,83936.0,120395.0,41552.0,425483.0
Vermont,2010,35790.0,87638.0,118533.0,41182.0,431042.0
Vermont,2011,36468.0,93188.0,116141.0,43266.0,434652.0
Vermont,2012,39279.0,95120.0,117535.0,42576.0,434948.0
Vermont,2013,35878.0,93427.0,115073.0,44210.0,436174.0
Vermont,2014,34024.0,91472.0,120115.0,43653.0,438279.0
Vermont,2015,37916.0,97824.0,111001.0,45406.0,438654.0
Vermont,2016,40499.0,92871.0,112116.0,46671.0,439563.0
Vermont,2017,37360.0,98774.0,113275.0,48963.0,439267.0
Vermont,2018,38133.0,103068.0,111598.0,49452.0,445824.0
Vermont,2019,38706.0,101015.0,115058.0,52196.0,445558.0
Virginia,2008,346881.0,1027033.0,1109914.0,508011.0,5155750.0
Virginia,2009,344109.0,1035382.0,1132350.0,530114.0,5207987.0
Virginia,2010,361635.0,1075786.0,1174873.0,553862.0,5361301.0
Virginia,2011,380585.0,1111225.0,1175670.0,575887.0,5418844.0
Virginia,2012,395520.0,1132326.0,1176004.0,596854.0,5504766.0
Virginia,2013,405760.0,1172309.0,1161523.0,614517.0,5561224.0
Virginia,2014,408872.0,1173872.0,1164037.0,655001.0,5623295.0
Virginia,2015,426955.0,1209217.0,1168567.0,651715.0,5685318.0
Virginia,2016,438669.0,1241751.0,1147310.0,695229.0,5721173.0
Virginia,2017,456210.0,1270190.0,1171892.0,712006.0,5779221.0
Virginia,2018,453566.0,1296041.0,1168982.0,731653.0,5822007.0
Virginia,2019,468107.0,1312800.0,1156419.0,743676.0,5872757.0
Washington,2008,408831.0,870887.0,876760.0,335604.0,4387893.0
Washington,2009,411431.0,885861.0,891059.0,339071.0,4445351.0
Washington,2010,425322.0,897884.0,901110.0,353426.0,4505657.0
Washington,2011,445281.0,925095.0,915967.0,384232.0,4583426.0
Washington,2012,448208.0,944631.0,921721.0,372069.0,4645859.0
Washington,2013,449430.0,984473.0,903852.0,393851.0,4706104.0
Washington,2014,479799.0,1005685.0,903776.0,410459.0,4784484.0
Washington,2015,471400.0,1059707.0,926068.0,435599.0,4889314.0
Washington,2016,491450.0,1098509.0,917047.0,472318.0,4996555.0
Washington,2017,514987.0,1130392.0,939483.0,492107.0,5101968.0
Washington,2018,533450.0,1187508.0,945747.0,524199.0,5215063.0
Washington,2019,527524.0,1204728.0,955541.0,538939.0,5290324.0
West Virginia,2008,73953.0,130855.0,433562.0,61032.0,1265065.0
West Virginia,2009,76063.0,133022.0,439478.0,58690.0,1263943.0
West Virginia,2010,75046.0,140850.0,450902.0,61097.0,1294747.0
West Virginia,2011,82692.0,150916.0,453908.0,62407.0,1294198.0
West Virginia,2012,81746.0,147257.0,439338.0,66360.0,1296201.0
West Virginia,2013,87697.0,146732.0,438318.0,70945.0,1294025.0
West Virginia,2014,84402.0,152434.0,444699.0,70397.0,1296350.0
West Virginia,2015,90019.0,152256.0,441013.0,74951.0,1300347.0
West Virginia,2016,95794.0,162243.0,422721.0,78802.0,1291757.0
West Virginia,2017,90494.0,156378.0,443031.0,77079.0,1279350.0
West Virginia,2018,96253.0,163614.0,426284.0,76634.0,1280781.0
West Virginia,2019,101267.0,161686.0,431856.0,80380.0,1281086.0
Wisconsin,2008,330632.0,642270.0,1130927.0,228158.0,3758610.0
Wisconsin,2009,338575.0,648584.0,1148914.0,228481.0,3761656.0
Wisconsin,2010,354494.0,659852.0,1128203.0,248657.0,3800295.0
Wisconsin,2011,366423.0,668444.0,1132318.0,249480.0,3831373.0
Wisconsin,2012,386784.0,688002.0,1112713.0,255462.0,3854170.0
Wisconsin,2013,389016.0,711851.0,1104482.0,262821.0,3879291.0
Wisconsin,2014,402829.0,736544.0,1100818.0,269393.0,3898162.0
Wisconsin,2015,411400.0,742544.0,1080781.0,265265.0,3918997.0
Wisconsin,2016,420412.0,758503.0,1083082.0,288536.0,3933329.0
Wisconsin,2017,433324.0,782676.0,1077466.0,301195.0,3958231.0
Wisconsin,2018,438602.0,775533.0,1087175.0,299862.0,3992022.0
Wisconsin,2019,438381.0,829878.0,1081686.0,307952.0,4015285.0
Wyoming,2008,35190.0,54987.0,86832.0,19502.0,349389.0
Wyoming,2009,32931.0,56495.0,89825.0,19720.0,355793.0
Wyoming,2010,39657.0,58232.0,92179.0,22556.0,370951.0
Wyoming,2011,37078.0,61815.0,94903.0,23028.0,375608.0
Wyoming,2012,38055.0,64409.0,95341.0,20963.0,380942.0
Wyoming,2013,41261.0,68225.0,90150.0,22938.0,383914.0
Wyoming,2014,41611.0,69557.0,86194.0,23807.0,388962.0
Wyoming,2015,42212.0,67108.0,94610.0,25746.0,388747.0
Wyoming,2016,45601.0,67845.0,93204.0,26068.0,390794.0
Wyoming,2017,40340.0,67312.0,93973.0,30847.0,387700.0
Wyoming,2018,44089.0,66449.0,92312.0,28596.0,393136.0
Wyoming,2019,44034.0,73183.0,95667.0,29454.0,389847.0
